provincia,anio,semana_epi,casos_real,pred,horizonte
Buenos Aires,2024,1,166.0,166.86651707244764,t+2
Buenos Aires,2024,2,310.0,235.3329216768554,t+2
Buenos Aires,2024,3,307.0,321.24102809927,t+2
Buenos Aires,2024,4,416.0,392.29752862267526,t+2
Buenos Aires,2024,5,685.0,419.3733941484725,t+2
Buenos Aires,2024,6,1676.0,423.10016335296154,t+2
Buenos Aires,2024,7,4069.0,450.8615688065215,t+2
Buenos Aires,2024,8,7290.0,516.6321034902212,t+2
Buenos Aires,2024,9,9911.0,578.6425107126516,t+2
Buenos Aires,2024,10,12889.0,607.9779836137128,t+2
Buenos Aires,2024,11,15000.0,624.1493109334511,t+2
Buenos Aires,2024,12,16073.0,630.5183617659417,t+2
Buenos Aires,2024,13,12654.0,619.7083238669701,t+2
Buenos Aires,2024,14,11091.0,630.2546164400749,t+2
Buenos Aires,2024,15,6505.0,628.2771054887677,t+2
Buenos Aires,2024,16,4311.0,604.5516928731423,t+2
Buenos Aires,2024,17,2941.0,567.7683178958591,t+2
Buenos Aires,2024,18,1583.0,538.3505807235899,t+2
Buenos Aires,2024,19,813.0,493.0186837632737,t+2
Buenos Aires,2024,20,444.0,413.6711794866483,t+2
Buenos Aires,2024,21,180.0,305.38285350280506,t+2
Buenos Aires,2024,22,64.0,200.9974183730203,t+2
Buenos Aires,2024,23,24.0,92.8585223488489,t+2
Buenos Aires,2024,24,21.0,28.072898044371573,t+2
Buenos Aires,2024,25,11.0,8.184841164483924,t+2
Buenos Aires,2024,26,6.0,4.515687192610013,t+2
Buenos Aires,2024,27,0.0,2.9016010576632785,t+2
Buenos Aires,2024,28,1.0,1.5647472472429742,t+2
Buenos Aires,2024,29,0.0,0.4627043873136178,t+2
Buenos Aires,2024,30,0.0,0.24631817531263156,t+2
Buenos Aires,2024,31,0.0,0.20010885086929522,t+2
Buenos Aires,2024,32,0.0,0.18828293181176697,t+2
Buenos Aires,2024,33,0.0,0.17968801957522884,t+2
Buenos Aires,2024,34,1.0,0.16302386834525612,t+2
Buenos Aires,2024,35,0.0,0.13968599320197486,t+2
Buenos Aires,2024,36,1.0,0.20767966353940803,t+2
Buenos Aires,2024,37,0.0,0.20009497403780163,t+2
Buenos Aires,2024,38,0.0,0.24093588327444532,t+2
Buenos Aires,2024,39,0.0,0.2208241101312109,t+2
Buenos Aires,2024,40,0.0,0.18993417284440542,t+2
Buenos Aires,2024,41,0.0,0.18049874509290098,t+2
Buenos Aires,2024,42,2.0,0.13753164925735453,t+2
Buenos Aires,2024,43,1.0,0.12254487727350012,t+2
Buenos Aires,2024,44,1.0,0.3213583496207172,t+2
Buenos Aires,2024,45,2.0,0.513522714154638,t+2
Buenos Aires,2024,46,0.0,0.7070735279384377,t+2
Buenos Aires,2024,47,1.0,1.0040865412162814,t+2
Buenos Aires,2024,48,1.0,0.7386405667639452,t+2
Buenos Aires,2024,49,4.0,0.7970020231751395,t+2
Buenos Aires,2024,50,2.0,1.0523164867720218,t+2
Buenos Aires,2024,51,1.0,2.122412588556286,t+2
Buenos Aires,2024,52,0.0,3.1698519720570415,t+2
Buenos Aires,2025,1,0.0,3.0491718068268754,t+2
Buenos Aires,2025,2,2.0,1.7823072480645223,t+2
Buenos Aires,2025,3,1.0,0.9232372245602677,t+2
Buenos Aires,2025,4,2.0,1.101429502481448,t+2
Buenos Aires,2025,5,3.0,1.385272638267719,t+2
Buenos Aires,2025,6,6.0,2.2872724228103043,t+2
Buenos Aires,2025,7,9.0,3.9757487016764914,t+2
Buenos Aires,2025,8,16.0,8.390150926883353,t+2
Buenos Aires,2025,9,15.0,18.270039539318525,t+2
Buenos Aires,2025,10,26.0,37.92531610425994,t+2
Buenos Aires,2025,11,58.0,55.34865686731935,t+2
Buenos Aires,2025,12,47.0,87.07783509456122,t+2
Buenos Aires,2025,13,61.0,101.33588128240837,t+2
Buenos Aires,2025,14,70.0,94.36632192170214,t+2
Buenos Aires,2025,15,46.0,99.24209919911095,t+2
Buenos Aires,2025,16,46.0,86.63343069783186,t+2
Buenos Aires,2025,17,35.0,50.00810028433574,t+2
Buenos Aires,2025,18,33.0,33.63843755006298,t+2
Buenos Aires,2025,19,21.0,26.22125986271214,t+2
Buenos Aires,2025,20,11.0,15.4907722137134,t+2
Buenos Aires,2025,21,9.0,9.3623308189835,t+2
Buenos Aires,2025,22,0.0,5.911237925513355,t+2
Buenos Aires,2025,23,2.0,2.276984738134119,t+2
Buenos Aires,2025,24,2.0,0.36943148012600635,t+2
Buenos Aires,2025,25,0.0,0.2592137153728474,t+2
Buenos Aires,2025,26,1.0,0.44288691552583076,t+2
Buenos Aires,2025,27,1.0,0.21856592782391404,t+2
Buenos Aires,2025,28,1.0,0.1768049352559935,t+2
Buenos Aires,2025,29,0.0,0.21868851544469542,t+2
Buenos Aires,2025,30,0.0,0.3338992406089002,t+2
Buenos Aires,2025,31,1.0,0.3192227334642529,t+2
Buenos Aires,2025,32,0.0,0.2435701821001451,t+2
Buenos Aires,2025,33,0.0,0.2833368628640001,t+2
Buenos Aires,2025,34,0.0,0.22813992700181557,t+2
Buenos Aires,2025,35,1.0,0.19448983127740577,t+2
Buenos Aires,2025,36,0.0,0.16990840311058164,t+2
Buenos Aires,2025,37,0.0,0.23462361100643225,t+2
Buenos Aires,2025,38,0.0,0.20488780921535152,t+2
Buenos Aires,2025,39,0.0,0.16376184465231525,t+2
Buenos Aires,2025,40,0.0,0.17637143819439993,t+2
Buenos Aires,2025,41,0.0,0.11688049187611782,t+2
Buenos Aires,2025,42,0.0,0.10878212028278712,t+2
Buenos Aires,2025,43,1.0,0.08146726885864858,t+2
Buenos Aires,2025,44,1.0,0.07702775292084037,t+2
Buenos Aires,2025,45,0.0,0.19015568295444787,t+2
Buenos Aires,2025,46,0.0,0.3031983765135582,t+2
Buenos Aires,2025,47,1.0,0.338641148469694,t+2
Buenos Aires,2025,48,0.0,0.27777467828812374,t+2
Buenos Aires,2025,49,0.0,0.3573457381525295,t+2
Buenos Aires,2025,50,0.0,0.36139511701220095,t+2
Buenos Aires,2025,51,1.0,0.3738319193378044,t+2
Buenos Aires,2025,52,0.0,0.34537165941649844,t+2
Buenos Aires,2025,53,0.0,0.6217230773970436,t+2
Catamarca,2024,1,2.0,1.4716556456529433,t+2
Catamarca,2024,2,6.0,3.5446729434108404,t+2
Catamarca,2024,3,32.0,9.278442467230276,t+2
Catamarca,2024,4,124.0,31.163956547418024,t+2
Catamarca,2024,5,321.0,118.38463441286979,t+2
Catamarca,2024,6,659.0,268.7400521113147,t+2
Catamarca,2024,7,1001.0,360.0994700048745,t+2
Catamarca,2024,8,1026.0,441.9570835264871,t+2
Catamarca,2024,9,886.0,475.1936857334437,t+2
Catamarca,2024,10,1094.0,481.31126966750577,t+2
Catamarca,2024,11,916.0,480.1235385923756,t+2
Catamarca,2024,12,962.0,494.54144766400714,t+2
Catamarca,2024,13,702.0,482.49011856871186,t+2
Catamarca,2024,14,1045.0,456.352743033335,t+2
Catamarca,2024,15,892.0,420.0668276153619,t+2
Catamarca,2024,16,500.0,422.6412351194819,t+2
Catamarca,2024,17,301.0,403.8618335460397,t+2
Catamarca,2024,18,213.0,320.61883398428876,t+2
Catamarca,2024,19,125.0,252.8898145404558,t+2
Catamarca,2024,20,37.0,174.62863774591452,t+2
Catamarca,2024,21,6.0,94.73599865534104,t+2
Catamarca,2024,22,4.0,21.979585337375642,t+2
Catamarca,2024,23,3.0,2.5438086234953543,t+2
Catamarca,2024,24,1.0,0.5791299488321588,t+2
Catamarca,2024,25,0.0,0.4209756080486666,t+2
Catamarca,2024,26,0.0,0.30001121882040266,t+2
Catamarca,2024,27,0.0,0.11411250006569108,t+2
Catamarca,2024,28,0.0,0.0013954679062991371,t+2
Catamarca,2024,29,0.0,0.0,t+2
Catamarca,2024,30,0.0,0.0,t+2
Catamarca,2024,31,0.0,0.0,t+2
Catamarca,2024,32,0.0,0.0,t+2
Catamarca,2024,33,0.0,0.0,t+2
Catamarca,2024,34,0.0,0.0,t+2
Catamarca,2024,35,0.0,0.0,t+2
Catamarca,2024,36,0.0,0.0,t+2
Catamarca,2024,37,0.0,0.0,t+2
Catamarca,2024,38,0.0,0.0,t+2
Catamarca,2024,39,0.0,0.0,t+2
Catamarca,2024,40,0.0,0.0,t+2
Catamarca,2024,41,0.0,0.0,t+2
Catamarca,2024,42,0.0,0.0,t+2
Catamarca,2024,43,0.0,0.0,t+2
Catamarca,2024,44,0.0,0.029776652718977777,t+2
Catamarca,2024,45,0.0,0.04428801641806155,t+2
Catamarca,2024,46,0.0,0.04572381879692033,t+2
Catamarca,2024,47,0.0,0.0721750316315195,t+2
Catamarca,2024,48,0.0,0.04376804116866683,t+2
Catamarca,2024,49,0.0,0.055820341357565334,t+2
Catamarca,2024,50,0.0,0.12278678916545996,t+2
Catamarca,2024,51,0.0,0.119132162516063,t+2
Catamarca,2024,52,0.0,0.11449896201915094,t+2
Catamarca,2025,1,0.0,0.10997110930803501,t+2
Catamarca,2025,2,0.0,0.13779607016597786,t+2
Catamarca,2025,3,2.0,0.18126086733626312,t+2
Catamarca,2025,4,0.0,0.25052968401686276,t+2
Catamarca,2025,5,1.0,0.7337519284579084,t+2
Catamarca,2025,6,0.0,0.9848545243317272,t+2
Catamarca,2025,7,0.0,1.8216312973894668,t+2
Catamarca,2025,8,0.0,1.9081010287845979,t+2
Catamarca,2025,9,1.0,1.7866892154530745,t+2
Catamarca,2025,10,2.0,1.4612990492358113,t+2
Catamarca,2025,11,3.0,1.901372527201462,t+2
Catamarca,2025,12,1.0,2.8969629934081875,t+2
Catamarca,2025,13,0.0,4.367718071822999,t+2
Catamarca,2025,14,3.0,3.982421419300238,t+2
Catamarca,2025,15,1.0,1.7065185554056803,t+2
Catamarca,2025,16,0.0,1.3596644785938765,t+2
Catamarca,2025,17,0.0,0.9226702969020204,t+2
Catamarca,2025,18,0.0,0.41348431251874035,t+2
Catamarca,2025,19,0.0,0.17749053517664964,t+2
Catamarca,2025,20,1.0,0.03391883470767513,t+2
Catamarca,2025,21,1.0,0.0,t+2
Catamarca,2025,22,0.0,0.11556650042667477,t+2
Catamarca,2025,23,0.0,0.20203098800230307,t+2
Catamarca,2025,24,0.0,0.09095709661219638,t+2
Catamarca,2025,25,1.0,0.012498850828060036,t+2
Catamarca,2025,26,0.0,0.0,t+2
Catamarca,2025,27,0.0,0.04698040415848462,t+2
Catamarca,2025,28,0.0,0.011150617619084304,t+2
Catamarca,2025,29,0.0,0.0,t+2
Catamarca,2025,30,0.0,0.005728729893208538,t+2
Catamarca,2025,31,0.0,0.022244512968208712,t+2
Catamarca,2025,32,0.0,0.012585814556113281,t+2
Catamarca,2025,33,0.0,0.006873951827948456,t+2
Catamarca,2025,34,0.0,0.0,t+2
Catamarca,2025,35,0.0,0.0,t+2
Catamarca,2025,36,0.0,0.0,t+2
Catamarca,2025,37,0.0,0.0,t+2
Catamarca,2025,38,0.0,0.0,t+2
Catamarca,2025,39,0.0,0.0,t+2
Catamarca,2025,40,0.0,0.0,t+2
Catamarca,2025,41,0.0,0.0,t+2
Catamarca,2025,42,0.0,0.0,t+2
Catamarca,2025,43,0.0,0.0,t+2
Catamarca,2025,44,0.0,0.0,t+2
Catamarca,2025,45,0.0,0.0,t+2
Catamarca,2025,46,0.0,0.0,t+2
Catamarca,2025,47,0.0,0.0,t+2
Catamarca,2025,48,0.0,0.0,t+2
Catamarca,2025,49,0.0,0.0,t+2
Catamarca,2025,50,0.0,0.0,t+2
Catamarca,2025,51,0.0,0.019388676088724237,t+2
Catamarca,2025,52,0.0,0.03674450368710843,t+2
Catamarca,2025,53,0.0,0.04378170443095337,t+2
Chaco,2024,1,1844.0,493.218189584791,t+2
Chaco,2024,2,2247.0,518.829444416411,t+2
Chaco,2024,3,2266.0,539.6295252535003,t+2
Chaco,2024,4,2612.0,555.610736343343,t+2
Chaco,2024,5,1972.0,566.247539961331,t+2
Chaco,2024,6,1813.0,562.2644118319366,t+2
Chaco,2024,7,990.0,533.7840123925628,t+2
Chaco,2024,8,978.0,544.1844721598437,t+2
Chaco,2024,9,668.0,508.3949737767856,t+2
Chaco,2024,10,497.0,498.42848591450246,t+2
Chaco,2024,11,621.0,482.17067990811233,t+2
Chaco,2024,12,773.0,475.6399354684073,t+2
Chaco,2024,13,462.0,490.6606339731671,t+2
Chaco,2024,14,442.0,479.6921077031639,t+2
Chaco,2024,15,469.0,441.8462832526302,t+2
Chaco,2024,16,481.0,413.6608058286775,t+2
Chaco,2024,17,519.0,395.27718816058734,t+2
Chaco,2024,18,475.0,401.10035571892485,t+2
Chaco,2024,19,432.0,386.82763601133314,t+2
Chaco,2024,20,333.0,364.0898337726057,t+2
Chaco,2024,21,132.0,298.9776073802513,t+2
Chaco,2024,22,92.0,189.1667565137929,t+2
Chaco,2024,23,60.0,98.14707742283962,t+2
Chaco,2024,24,98.0,45.7580499140712,t+2
Chaco,2024,25,70.0,26.156247497755828,t+2
Chaco,2024,26,66.0,25.168495559451653,t+2
Chaco,2024,27,2.0,22.996776303270256,t+2
Chaco,2024,28,0.0,14.131978919354449,t+2
Chaco,2024,29,0.0,1.751854722191884,t+2
Chaco,2024,30,0.0,0.15926153970812215,t+2
Chaco,2024,31,0.0,0.0,t+2
Chaco,2024,32,1.0,0.0055295523869661025,t+2
Chaco,2024,33,0.0,0.021793955641024886,t+2
Chaco,2024,34,0.0,0.10996913164436761,t+2
Chaco,2024,35,0.0,0.12144219778112515,t+2
Chaco,2024,36,0.0,0.12005433437712494,t+2
Chaco,2024,37,0.0,0.09742085718750627,t+2
Chaco,2024,38,0.0,0.09742831929257798,t+2
Chaco,2024,39,0.0,0.09972854399879989,t+2
Chaco,2024,40,0.0,0.11658146693864103,t+2
Chaco,2024,41,0.0,0.10450595009814652,t+2
Chaco,2024,42,0.0,0.0723383961974852,t+2
Chaco,2024,43,0.0,0.07974063112302261,t+2
Chaco,2024,44,0.0,0.11554402820958909,t+2
Chaco,2024,45,0.0,0.1310666576407545,t+2
Chaco,2024,46,0.0,0.09582983525737646,t+2
Chaco,2024,47,0.0,0.11728615513986233,t+2
Chaco,2024,48,0.0,0.10256751704306105,t+2
Chaco,2024,49,0.0,0.15203708684246667,t+2
Chaco,2024,50,0.0,0.2790909084170517,t+2
Chaco,2024,51,0.0,0.47750747759595363,t+2
Chaco,2024,52,0.0,0.5337669558027348,t+2
Chaco,2025,1,0.0,0.6805710948422304,t+2
Chaco,2025,2,0.0,0.8616454742980862,t+2
Chaco,2025,3,0.0,0.8132736918722558,t+2
Chaco,2025,4,0.0,0.6337903185732733,t+2
Chaco,2025,5,0.0,0.4362280717310944,t+2
Chaco,2025,6,0.0,0.3904444333561479,t+2
Chaco,2025,7,1.0,0.48170850565222445,t+2
Chaco,2025,8,1.0,0.5652830669517523,t+2
Chaco,2025,9,0.0,1.079176800746338,t+2
Chaco,2025,10,0.0,1.998381230915682,t+2
Chaco,2025,11,1.0,1.9641560106913942,t+2
Chaco,2025,12,1.0,0.8236011655327571,t+2
Chaco,2025,13,0.0,0.6269809195764058,t+2
Chaco,2025,14,2.0,0.7577268961613475,t+2
Chaco,2025,15,0.0,0.7001702110714761,t+2
Chaco,2025,16,0.0,1.0358961066001229,t+2
Chaco,2025,17,0.0,0.7091372947156063,t+2
Chaco,2025,18,0.0,0.3549331915970224,t+2
Chaco,2025,19,1.0,0.17997779314801451,t+2
Chaco,2025,20,4.0,0.049126669031818476,t+2
Chaco,2025,21,3.0,0.2693053841873182,t+2
Chaco,2025,22,0.0,0.8804035887206827,t+2
Chaco,2025,23,0.0,1.6499984634968168,t+2
Chaco,2025,24,0.0,0.7257722354047907,t+2
Chaco,2025,25,0.0,0.378530056164958,t+2
Chaco,2025,26,0.0,0.024802594018448056,t+2
Chaco,2025,27,0.0,0.0,t+2
Chaco,2025,28,0.0,0.0,t+2
Chaco,2025,29,0.0,0.0,t+2
Chaco,2025,30,0.0,0.0,t+2
Chaco,2025,31,0.0,0.04181876253172216,t+2
Chaco,2025,32,0.0,0.06369269832523058,t+2
Chaco,2025,33,0.0,0.06899353719248016,t+2
Chaco,2025,34,0.0,0.06066853732842079,t+2
Chaco,2025,35,0.0,0.054509701837851116,t+2
Chaco,2025,36,0.0,0.06748456196777305,t+2
Chaco,2025,37,0.0,0.05338291857727657,t+2
Chaco,2025,38,0.0,0.05147754389902898,t+2
Chaco,2025,39,0.0,0.06673843704210981,t+2
Chaco,2025,40,0.0,0.13545944929902548,t+2
Chaco,2025,41,0.0,0.10458318393221075,t+2
Chaco,2025,42,0.0,0.09846408858631651,t+2
Chaco,2025,43,0.0,0.07789226251382267,t+2
Chaco,2025,44,0.0,0.044256879706825264,t+2
Chaco,2025,45,0.0,0.04719597905797762,t+2
Chaco,2025,46,0.0,0.0520003269805152,t+2
Chaco,2025,47,0.0,0.057143065376807765,t+2
Chaco,2025,48,0.0,0.15508371278423588,t+2
Chaco,2025,49,0.0,0.12983046252318559,t+2
Chaco,2025,50,0.0,0.14261419877594636,t+2
Chaco,2025,51,0.0,0.1648207450399618,t+2
Chaco,2025,52,0.0,0.21484589909868604,t+2
Chaco,2025,53,0.0,0.2842007249682837,t+2
Chubut,2024,1,0.0,0.4867862016940314,t+2
Chubut,2024,2,2.0,0.6644574532527922,t+2
Chubut,2024,3,2.0,0.7568996593498776,t+2
Chubut,2024,4,3.0,1.3975663126469133,t+2
Chubut,2024,5,2.0,2.609351086573807,t+2
Chubut,2024,6,3.0,4.847721889697727,t+2
Chubut,2024,7,3.0,6.282831744304487,t+2
Chubut,2024,8,3.0,7.1073164948936975,t+2
Chubut,2024,9,3.0,6.2514731255874185,t+2
Chubut,2024,10,2.0,5.305651328693979,t+2
Chubut,2024,11,9.0,5.163150506705925,t+2
Chubut,2024,12,4.0,3.5272080143603213,t+2
Chubut,2024,13,4.0,4.848500180255067,t+2
Chubut,2024,14,10.0,4.820601053224521,t+2
Chubut,2024,15,3.0,4.045131162814632,t+2
Chubut,2024,16,3.0,4.309565373871038,t+2
Chubut,2024,17,1.0,2.491216656769267,t+2
Chubut,2024,18,0.0,1.5978114782938941,t+2
Chubut,2024,19,1.0,0.6725864694342515,t+2
Chubut,2024,20,2.0,0.1990329345682103,t+2
Chubut,2024,21,0.0,0.16071655526835465,t+2
Chubut,2024,22,2.0,0.2686908052850938,t+2
Chubut,2024,23,0.0,0.19230635066652962,t+2
Chubut,2024,24,1.0,0.28092133949167886,t+2
Chubut,2024,25,0.0,0.26595014726933897,t+2
Chubut,2024,26,0.0,0.30206628127511,t+2
Chubut,2024,27,0.0,0.2445766085032984,t+2
Chubut,2024,28,0.0,0.15171118598265054,t+2
Chubut,2024,29,0.0,0.07926021916142541,t+2
Chubut,2024,30,0.0,0.03761546392734798,t+2
Chubut,2024,31,0.0,0.019429524499760535,t+2
Chubut,2024,32,0.0,0.014140897296778579,t+2
Chubut,2024,33,0.0,0.012717305230412508,t+2
Chubut,2024,34,0.0,0.023947973595644736,t+2
Chubut,2024,35,0.0,0.026990662690023943,t+2
Chubut,2024,36,0.0,0.02219321879368252,t+2
Chubut,2024,37,0.0,0.014496296329772408,t+2
Chubut,2024,38,0.0,0.01145476511656754,t+2
Chubut,2024,39,0.0,0.0070076301032085805,t+2
Chubut,2024,40,0.0,0.0097157659763612,t+2
Chubut,2024,41,0.0,0.0038553824452763432,t+2
Chubut,2024,42,0.0,0.002477722506866263,t+2
Chubut,2024,43,0.0,0.00437198159696736,t+2
Chubut,2024,44,0.0,0.010393349308241378,t+2
Chubut,2024,45,0.0,0.011523395733807992,t+2
Chubut,2024,46,0.0,0.0070322733658830785,t+2
Chubut,2024,47,1.0,0.0,t+2
Chubut,2024,48,0.0,0.0,t+2
Chubut,2024,49,0.0,0.04870891600898633,t+2
Chubut,2024,50,0.0,0.07926951998601371,t+2
Chubut,2024,51,0.0,0.07721253810665403,t+2
Chubut,2024,52,0.0,0.06652616869131377,t+2
Chubut,2025,1,0.0,0.04945227549539421,t+2
Chubut,2025,2,0.0,0.04357241045954366,t+2
Chubut,2025,3,0.0,0.0655622428001464,t+2
Chubut,2025,4,0.0,0.06896038116869635,t+2
Chubut,2025,5,0.0,0.04742805151537501,t+2
Chubut,2025,6,0.0,0.04491212348491548,t+2
Chubut,2025,7,0.0,0.061961075226362745,t+2
Chubut,2025,8,0.0,0.024802482227532233,t+2
Chubut,2025,9,0.0,0.011594201223781455,t+2
Chubut,2025,10,0.0,0.017244101299674987,t+2
Chubut,2025,11,0.0,0.031853544373543076,t+2
Chubut,2025,12,1.0,0.04709587703347535,t+2
Chubut,2025,13,1.0,0.02783526492873334,t+2
Chubut,2025,14,1.0,0.15573226257753287,t+2
Chubut,2025,15,1.0,0.33085271436124575,t+2
Chubut,2025,16,0.0,0.4040007055638678,t+2
Chubut,2025,17,0.0,0.503404879040439,t+2
Chubut,2025,18,0.0,0.3590349438837212,t+2
Chubut,2025,19,0.0,0.20600088136235906,t+2
Chubut,2025,20,0.0,0.11223780715611932,t+2
Chubut,2025,21,0.0,0.03827186360815304,t+2
Chubut,2025,22,0.0,0.018330228039070688,t+2
Chubut,2025,23,0.0,0.0,t+2
Chubut,2025,24,0.0,0.0,t+2
Chubut,2025,25,0.0,0.005755938401576159,t+2
Chubut,2025,26,0.0,0.01240567317512709,t+2
Chubut,2025,27,0.0,0.01630453908805269,t+2
Chubut,2025,28,0.0,0.0,t+2
Chubut,2025,29,0.0,0.0,t+2
Chubut,2025,30,0.0,0.0,t+2
Chubut,2025,31,0.0,0.0,t+2
Chubut,2025,32,0.0,0.0,t+2
Chubut,2025,33,0.0,0.0,t+2
Chubut,2025,34,0.0,0.0,t+2
Chubut,2025,35,0.0,0.0,t+2
Chubut,2025,36,0.0,0.005492514913553038,t+2
Chubut,2025,37,0.0,0.012583642212849019,t+2
Chubut,2025,38,0.0,0.005680933932980024,t+2
Chubut,2025,39,0.0,0.007317051150702061,t+2
Chubut,2025,40,0.0,0.015825239648390034,t+2
Chubut,2025,41,0.0,0.017235519934172015,t+2
Chubut,2025,42,0.0,0.015175057452602406,t+2
Chubut,2025,43,0.0,0.009716683853198314,t+2
Chubut,2025,44,0.0,0.0004521365004722955,t+2
Chubut,2025,45,0.0,0.0,t+2
Chubut,2025,46,0.0,0.0,t+2
Chubut,2025,47,0.0,0.0,t+2
Chubut,2025,48,0.0,0.0,t+2
Chubut,2025,49,0.0,0.0,t+2
Chubut,2025,50,0.0,0.004571733424953428,t+2
Chubut,2025,51,0.0,0.014532116069804415,t+2
Chubut,2025,52,0.0,0.01591658947116821,t+2
Chubut,2025,53,0.0,0.0027000671078493063,t+2
Ciudad Autónoma de Buenos Aires,2024,1,44.0,82.90673382650132,t+2
Ciudad Autónoma de Buenos Aires,2024,2,101.0,122.67590517723862,t+2
Ciudad Autónoma de Buenos Aires,2024,3,103.0,206.7117662184051,t+2
Ciudad Autónoma de Buenos Aires,2024,4,132.0,298.9446242542607,t+2
Ciudad Autónoma de Buenos Aires,2024,5,241.0,348.15935369346255,t+2
Ciudad Autónoma de Buenos Aires,2024,6,474.0,351.8635641578449,t+2
Ciudad Autónoma de Buenos Aires,2024,7,859.0,378.0418747138932,t+2
Ciudad Autónoma de Buenos Aires,2024,8,1494.0,438.8863704885557,t+2
Ciudad Autónoma de Buenos Aires,2024,9,1834.0,500.7461369506958,t+2
Ciudad Autónoma de Buenos Aires,2024,10,2229.0,538.4795629728992,t+2
Ciudad Autónoma de Buenos Aires,2024,11,2602.0,550.0657561432297,t+2
Ciudad Autónoma de Buenos Aires,2024,12,3029.0,554.6921427566099,t+2
Ciudad Autónoma de Buenos Aires,2024,13,2894.0,517.8731318683763,t+2
Ciudad Autónoma de Buenos Aires,2024,14,2606.0,539.9019785777541,t+2
Ciudad Autónoma de Buenos Aires,2024,15,1625.0,565.0765262841381,t+2
Ciudad Autónoma de Buenos Aires,2024,16,1330.0,532.9352985874074,t+2
Ciudad Autónoma de Buenos Aires,2024,17,1051.0,473.16369118444726,t+2
Ciudad Autónoma de Buenos Aires,2024,18,672.0,435.811022375646,t+2
Ciudad Autónoma de Buenos Aires,2024,19,261.0,390.08767796861895,t+2
Ciudad Autónoma de Buenos Aires,2024,20,129.0,320.15026770035024,t+2
Ciudad Autónoma de Buenos Aires,2024,21,39.0,186.74274127193203,t+2
Ciudad Autónoma de Buenos Aires,2024,22,11.0,79.28826519936769,t+2
Ciudad Autónoma de Buenos Aires,2024,23,5.0,18.170948160472406,t+2
Ciudad Autónoma de Buenos Aires,2024,24,2.0,3.0061857556140383,t+2
Ciudad Autónoma de Buenos Aires,2024,25,0.0,1.0753785241464149,t+2
Ciudad Autónoma de Buenos Aires,2024,26,1.0,0.6580056288585518,t+2
Ciudad Autónoma de Buenos Aires,2024,27,0.0,0.28974550821671025,t+2
Ciudad Autónoma de Buenos Aires,2024,28,0.0,0.17818910830399148,t+2
Ciudad Autónoma de Buenos Aires,2024,29,0.0,0.07468258791597385,t+2
Ciudad Autónoma de Buenos Aires,2024,30,0.0,0.007427856446259741,t+2
Ciudad Autónoma de Buenos Aires,2024,31,0.0,0.00635313835970246,t+2
Ciudad Autónoma de Buenos Aires,2024,32,0.0,0.029401152799649805,t+2
Ciudad Autónoma de Buenos Aires,2024,33,0.0,0.049813330686756564,t+2
Ciudad Autónoma de Buenos Aires,2024,34,0.0,0.05573983744932611,t+2
Ciudad Autónoma de Buenos Aires,2024,35,0.0,0.0492111704920594,t+2
Ciudad Autónoma de Buenos Aires,2024,36,0.0,0.04994683041895358,t+2
Ciudad Autónoma de Buenos Aires,2024,37,0.0,0.04573507407204298,t+2
Ciudad Autónoma de Buenos Aires,2024,38,0.0,0.03115245833525499,t+2
Ciudad Autónoma de Buenos Aires,2024,39,0.0,0.03151104339431407,t+2
Ciudad Autónoma de Buenos Aires,2024,40,0.0,0.036221879100811344,t+2
Ciudad Autónoma de Buenos Aires,2024,41,1.0,0.04814317617473353,t+2
Ciudad Autónoma de Buenos Aires,2024,42,1.0,0.04438644490852367,t+2
Ciudad Autónoma de Buenos Aires,2024,43,1.0,0.1464633107781802,t+2
Ciudad Autónoma de Buenos Aires,2024,44,0.0,0.3158662828609484,t+2
Ciudad Autónoma de Buenos Aires,2024,45,0.0,0.5059087248596951,t+2
Ciudad Autónoma de Buenos Aires,2024,46,0.0,0.48370265571798493,t+2
Ciudad Autónoma de Buenos Aires,2024,47,0.0,0.3578809312830996,t+2
Ciudad Autónoma de Buenos Aires,2024,48,0.0,0.23052117405213685,t+2
Ciudad Autónoma de Buenos Aires,2024,49,0.0,0.17962427851073648,t+2
Ciudad Autónoma de Buenos Aires,2024,50,0.0,0.22011578566604934,t+2
Ciudad Autónoma de Buenos Aires,2024,51,0.0,0.22363326879369336,t+2
Ciudad Autónoma de Buenos Aires,2024,52,0.0,0.23694343917470262,t+2
Ciudad Autónoma de Buenos Aires,2025,1,0.0,0.250875701620407,t+2
Ciudad Autónoma de Buenos Aires,2025,2,1.0,0.2846407449747171,t+2
Ciudad Autónoma de Buenos Aires,2025,3,1.0,0.32724581325058477,t+2
Ciudad Autónoma de Buenos Aires,2025,4,0.0,0.58226269875496,t+2
Ciudad Autónoma de Buenos Aires,2025,5,1.0,0.996661033313114,t+2
Ciudad Autónoma de Buenos Aires,2025,6,3.0,1.0319493534595388,t+2
Ciudad Autónoma de Buenos Aires,2025,7,6.0,1.280296259119778,t+2
Ciudad Autónoma de Buenos Aires,2025,8,4.0,2.4923471743638266,t+2
Ciudad Autónoma de Buenos Aires,2025,9,3.0,6.527249541814951,t+2
Ciudad Autónoma de Buenos Aires,2025,10,8.0,11.524536885695609,t+2
Ciudad Autónoma de Buenos Aires,2025,11,19.0,12.911427439456373,t+2
Ciudad Autónoma de Buenos Aires,2025,12,15.0,21.32693371499615,t+2
Ciudad Autónoma de Buenos Aires,2025,13,16.0,31.38754120256357,t+2
Ciudad Autónoma de Buenos Aires,2025,14,20.0,31.548119722245033,t+2
Ciudad Autónoma de Buenos Aires,2025,15,15.0,29.693196143454728,t+2
Ciudad Autónoma de Buenos Aires,2025,16,13.0,22.885041735043814,t+2
Ciudad Autónoma de Buenos Aires,2025,17,6.0,12.686260879813679,t+2
Ciudad Autónoma de Buenos Aires,2025,18,9.0,7.013995746514533,t+2
Ciudad Autónoma de Buenos Aires,2025,19,4.0,3.7657129663085294,t+2
Ciudad Autónoma de Buenos Aires,2025,20,3.0,2.34257473414316,t+2
Ciudad Autónoma de Buenos Aires,2025,21,3.0,1.7003616165259472,t+2
Ciudad Autónoma de Buenos Aires,2025,22,1.0,1.4169190106914833,t+2
Ciudad Autónoma de Buenos Aires,2025,23,0.0,0.8257707218793883,t+2
Ciudad Autónoma de Buenos Aires,2025,24,0.0,0.4890334657784937,t+2
Ciudad Autónoma de Buenos Aires,2025,25,0.0,0.21564372167060641,t+2
Ciudad Autónoma de Buenos Aires,2025,26,0.0,0.10584370560559479,t+2
Ciudad Autónoma de Buenos Aires,2025,27,0.0,0.019625412036729486,t+2
Ciudad Autónoma de Buenos Aires,2025,28,0.0,0.0,t+2
Ciudad Autónoma de Buenos Aires,2025,29,0.0,0.0,t+2
Ciudad Autónoma de Buenos Aires,2025,30,0.0,0.0,t+2
Ciudad Autónoma de Buenos Aires,2025,31,0.0,0.01264546376825209,t+2
Ciudad Autónoma de Buenos Aires,2025,32,1.0,0.02681523930778223,t+2
Ciudad Autónoma de Buenos Aires,2025,33,0.0,0.039665861542988415,t+2
Ciudad Autónoma de Buenos Aires,2025,34,0.0,0.08956175512923678,t+2
Ciudad Autónoma de Buenos Aires,2025,35,0.0,0.09874335932482947,t+2
Ciudad Autónoma de Buenos Aires,2025,36,0.0,0.10252285622691422,t+2
Ciudad Autónoma de Buenos Aires,2025,37,0.0,0.08768996916965648,t+2
Ciudad Autónoma de Buenos Aires,2025,38,0.0,0.06468574878328692,t+2
Ciudad Autónoma de Buenos Aires,2025,39,0.0,0.048801163591959205,t+2
Ciudad Autónoma de Buenos Aires,2025,40,0.0,0.06540827837842143,t+2
Ciudad Autónoma de Buenos Aires,2025,41,0.0,0.04872435995405544,t+2
Ciudad Autónoma de Buenos Aires,2025,42,0.0,0.05479026271509774,t+2
Ciudad Autónoma de Buenos Aires,2025,43,0.0,0.053385331660972965,t+2
Ciudad Autónoma de Buenos Aires,2025,44,0.0,0.05646467048617106,t+2
Ciudad Autónoma de Buenos Aires,2025,45,1.0,0.06056525781548179,t+2
Ciudad Autónoma de Buenos Aires,2025,46,0.0,0.042391512065460914,t+2
Ciudad Autónoma de Buenos Aires,2025,47,1.0,0.16339950303261427,t+2
Ciudad Autónoma de Buenos Aires,2025,48,0.0,0.19547177270696364,t+2
Ciudad Autónoma de Buenos Aires,2025,49,0.0,0.31508662795526393,t+2
Ciudad Autónoma de Buenos Aires,2025,50,0.0,0.34294364914798575,t+2
Ciudad Autónoma de Buenos Aires,2025,51,0.0,0.3486445239398955,t+2
Ciudad Autónoma de Buenos Aires,2025,52,0.0,0.32994934578997154,t+2
Ciudad Autónoma de Buenos Aires,2025,53,0.0,0.33173093467574083,t+2
Corrientes,2024,1,692.0,390.5755794252809,t+2
Corrientes,2024,2,621.0,447.6975393710945,t+2
Corrientes,2024,3,723.0,479.1303174597648,t+2
Corrientes,2024,4,619.0,456.34609101882256,t+2
Corrientes,2024,5,593.0,492.40572216007786,t+2
Corrientes,2024,6,635.0,482.3478073146924,t+2
Corrientes,2024,7,545.0,450.3150928705139,t+2
Corrientes,2024,8,493.0,461.4172546889824,t+2
Corrientes,2024,9,562.0,451.35133114584755,t+2
Corrientes,2024,10,592.0,437.8416647760071,t+2
Corrientes,2024,11,589.0,446.75614856110167,t+2
Corrientes,2024,12,633.0,463.24946500437926,t+2
Corrientes,2024,13,565.0,487.1338546810461,t+2
Corrientes,2024,14,588.0,468.3108864959194,t+2
Corrientes,2024,15,602.0,456.5629965345083,t+2
Corrientes,2024,16,561.0,436.0926909424153,t+2
Corrientes,2024,17,430.0,414.45719510504335,t+2
Corrientes,2024,18,250.0,402.10801454680495,t+2
Corrientes,2024,19,240.0,361.7764568748562,t+2
Corrientes,2024,20,135.0,315.82328541979535,t+2
Corrientes,2024,21,45.0,247.80364879850336,t+2
Corrientes,2024,22,14.0,128.08998253162662,t+2
Corrientes,2024,23,22.0,47.51674761083683,t+2
Corrientes,2024,24,31.0,9.622366399065882,t+2
Corrientes,2024,25,12.0,5.200884390935255,t+2
Corrientes,2024,26,5.0,7.003935837022048,t+2
Corrientes,2024,27,1.0,5.829572687503969,t+2
Corrientes,2024,28,0.0,2.047600710166701,t+2
Corrientes,2024,29,0.0,0.6276410969315602,t+2
Corrientes,2024,30,0.0,0.17641173288997697,t+2
Corrientes,2024,31,0.0,0.09712277362730327,t+2
Corrientes,2024,32,0.0,0.1008134755976549,t+2
Corrientes,2024,33,0.0,0.0973836671316791,t+2
Corrientes,2024,34,0.0,0.08773569032035015,t+2
Corrientes,2024,35,0.0,0.057491077884317454,t+2
Corrientes,2024,36,0.0,0.0537148652539383,t+2
Corrientes,2024,37,0.0,0.03161040573722303,t+2
Corrientes,2024,38,0.0,0.03264991391396385,t+2
Corrientes,2024,39,0.0,0.040395396185526386,t+2
Corrientes,2024,40,0.0,0.06266150808335948,t+2
Corrientes,2024,41,0.0,0.06853119484428119,t+2
Corrientes,2024,42,0.0,0.04143470601836375,t+2
Corrientes,2024,43,0.0,0.04086093045789132,t+2
Corrientes,2024,44,0.0,0.05372620653783757,t+2
Corrientes,2024,45,0.0,0.057660512078375574,t+2
Corrientes,2024,46,0.0,0.028366784620760352,t+2
Corrientes,2024,47,0.0,0.03927084600288183,t+2
Corrientes,2024,48,0.0,0.004246321566966024,t+2
Corrientes,2024,49,0.0,0.03640309261126253,t+2
Corrientes,2024,50,0.0,0.125658272829484,t+2
Corrientes,2024,51,0.0,0.21545437092696418,t+2
Corrientes,2024,52,0.0,0.2560813061142999,t+2
Corrientes,2025,1,0.0,0.3802718993698705,t+2
Corrientes,2025,2,0.0,0.4802160347726021,t+2
Corrientes,2025,3,0.0,0.400241393157668,t+2
Corrientes,2025,4,0.0,0.21665778462781893,t+2
Corrientes,2025,5,3.0,0.10067134701059399,t+2
Corrientes,2025,6,0.0,0.10857716614959097,t+2
Corrientes,2025,7,0.0,0.7906531022678911,t+2
Corrientes,2025,8,1.0,0.9586573508720947,t+2
Corrientes,2025,9,6.0,0.8084510225846172,t+2
Corrientes,2025,10,4.0,1.298785126193858,t+2
Corrientes,2025,11,5.0,4.196165646260723,t+2
Corrientes,2025,12,3.0,7.083471939986775,t+2
Corrientes,2025,13,1.0,7.757854016869726,t+2
Corrientes,2025,14,5.0,5.428998699175662,t+2
Corrientes,2025,15,0.0,2.5725656861915036,t+2
Corrientes,2025,16,16.0,2.508941894500078,t+2
Corrientes,2025,17,0.0,1.0610054963670992,t+2
Corrientes,2025,18,5.0,2.52504964945721,t+2
Corrientes,2025,19,0.0,1.0978083043080258,t+2
Corrientes,2025,20,0.0,1.090456912156839,t+2
Corrientes,2025,21,4.0,0.6612652413722585,t+2
Corrientes,2025,22,0.0,0.21648048428605068,t+2
Corrientes,2025,23,0.0,0.5394322206905406,t+2
Corrientes,2025,24,0.0,0.3409269460431126,t+2
Corrientes,2025,25,0.0,0.24102238637198317,t+2
Corrientes,2025,26,0.0,0.03108219597441148,t+2
Corrientes,2025,27,0.0,0.010815576599434181,t+2
Corrientes,2025,28,0.0,0.0,t+2
Corrientes,2025,29,0.0,0.0,t+2
Corrientes,2025,30,0.0,0.0,t+2
Corrientes,2025,31,0.0,0.0062014361055246795,t+2
Corrientes,2025,32,0.0,0.024346178823806405,t+2
Corrientes,2025,33,0.0,0.02961483027902332,t+2
Corrientes,2025,34,0.0,0.01621537146259899,t+2
Corrientes,2025,35,0.0,0.009349122572139473,t+2
Corrientes,2025,36,0.0,0.02922804966341146,t+2
Corrientes,2025,37,0.0,0.02582584240773429,t+2
Corrientes,2025,38,0.0,0.025083153102301112,t+2
Corrientes,2025,39,0.0,0.030275309570263878,t+2
Corrientes,2025,40,0.0,0.0824738039405179,t+2
Corrientes,2025,41,0.0,0.05837419477414868,t+2
Corrientes,2025,42,0.0,0.059449416426772934,t+2
Corrientes,2025,43,0.0,0.04035393464935058,t+2
Corrientes,2025,44,0.0,0.008329440130466772,t+2
Corrientes,2025,45,0.0,0.0,t+2
Corrientes,2025,46,0.0,0.0,t+2
Corrientes,2025,47,0.0,0.0,t+2
Corrientes,2025,48,0.0,0.049705840809738465,t+2
Corrientes,2025,49,0.0,0.04728299068296731,t+2
Corrientes,2025,50,0.0,0.0627911154115537,t+2
Corrientes,2025,51,0.0,0.08671430469849761,t+2
Corrientes,2025,52,0.0,0.13996786832798508,t+2
Corrientes,2025,53,0.0,0.17844258319707998,t+2
Córdoba,2024,1,76.0,51.45693855011979,t+2
Córdoba,2024,2,95.0,108.6805772892087,t+2
Córdoba,2024,3,114.0,210.96580390583895,t+2
Córdoba,2024,4,140.0,291.8606331870371,t+2
Córdoba,2024,5,177.0,332.6536720566044,t+2
Córdoba,2024,6,707.0,333.89384786292004,t+2
Córdoba,2024,7,1411.0,344.20751501487143,t+2
Córdoba,2024,8,1961.0,441.95605269853485,t+2
Córdoba,2024,9,3294.0,500.79839157527203,t+2
Córdoba,2024,10,4304.0,526.1929782478202,t+2
Córdoba,2024,11,9248.0,563.4332204072706,t+2
Córdoba,2024,12,18237.0,578.1277902686724,t+2
Córdoba,2024,13,20113.0,602.4366452708397,t+2
Córdoba,2024,14,22339.0,613.6066790423919,t+2
Córdoba,2024,15,9734.0,614.6821197950742,t+2
Córdoba,2024,16,4406.0,604.8075188342135,t+2
Córdoba,2024,17,3721.0,575.3822760393209,t+2
Córdoba,2024,18,2045.0,514.6120106196245,t+2
Córdoba,2024,19,1084.0,474.7196226064391,t+2
Córdoba,2024,20,421.0,391.9318220727983,t+2
Córdoba,2024,21,162.0,286.27424539723165,t+2
Córdoba,2024,22,15.0,153.0611369946534,t+2
Córdoba,2024,23,4.0,62.97909633797758,t+2
Córdoba,2024,24,4.0,7.999904263938311,t+2
Córdoba,2024,25,1.0,1.1127156040733188,t+2
Córdoba,2024,26,1.0,0.582083165481661,t+2
Córdoba,2024,27,0.0,0.3490126126664566,t+2
Córdoba,2024,28,0.0,0.21402621884580883,t+2
Córdoba,2024,29,0.0,0.08902078138347515,t+2
Córdoba,2024,30,1.0,0.02110534814663665,t+2
Córdoba,2024,31,0.0,0.016993052306077935,t+2
Córdoba,2024,32,0.0,0.09243914955986508,t+2
Córdoba,2024,33,0.0,0.11155546104742067,t+2
Córdoba,2024,34,0.0,0.09206581692365033,t+2
Córdoba,2024,35,1.0,0.069121895294814,t+2
Córdoba,2024,36,0.0,0.06284243717172261,t+2
Córdoba,2024,37,0.0,0.10773472873458018,t+2
Córdoba,2024,38,0.0,0.10288660986293276,t+2
Córdoba,2024,39,0.0,0.09060731059095647,t+2
Córdoba,2024,40,0.0,0.07016873264449751,t+2
Córdoba,2024,41,2.0,0.051082894404885816,t+2
Córdoba,2024,42,0.0,0.03314248626819039,t+2
Córdoba,2024,43,0.0,0.17357721593021944,t+2
Córdoba,2024,44,2.0,0.2578934688533707,t+2
Córdoba,2024,45,4.0,0.24369263960584633,t+2
Córdoba,2024,46,0.0,0.4385278889079186,t+2
Córdoba,2024,47,1.0,1.0604958426257904,t+2
Córdoba,2024,48,0.0,0.8545909071006303,t+2
Córdoba,2024,49,0.0,0.908477209570912,t+2
Córdoba,2024,50,0.0,0.7721899409121484,t+2
Córdoba,2024,51,2.0,0.484996145924027,t+2
Córdoba,2024,52,0.0,0.308769814573953,t+2
Córdoba,2025,1,1.0,0.71081662359089,t+2
Córdoba,2025,2,3.0,0.9436644786332339,t+2
Córdoba,2025,3,13.0,1.2299475828209074,t+2
Córdoba,2025,4,22.0,2.445992039846987,t+2
Córdoba,2025,5,46.0,9.270522181385665,t+2
Córdoba,2025,6,51.0,37.57218474779857,t+2
Córdoba,2025,7,78.0,109.73382366042071,t+2
Córdoba,2025,8,175.0,157.5750126613853,t+2
Córdoba,2025,9,277.0,191.86506771867712,t+2
Córdoba,2025,10,408.0,233.728864776693,t+2
Córdoba,2025,11,629.0,299.27549225785924,t+2
Córdoba,2025,12,478.0,347.7275488233698,t+2
Córdoba,2025,13,508.0,374.4944994178122,t+2
Córdoba,2025,14,421.0,332.8321122049755,t+2
Córdoba,2025,15,193.0,340.95032815671107,t+2
Córdoba,2025,16,100.0,274.244441689712,t+2
Córdoba,2025,17,119.0,177.88224826907177,t+2
Córdoba,2025,18,84.0,86.84046643650633,t+2
Córdoba,2025,19,71.0,62.966590869059026,t+2
Córdoba,2025,20,72.0,33.8916241380968,t+2
Córdoba,2025,21,52.0,22.470575849726796,t+2
Córdoba,2025,22,20.0,18.408227212219373,t+2
Córdoba,2025,23,7.0,10.652589394740728,t+2
Córdoba,2025,24,1.0,4.064189358162239,t+2
Córdoba,2025,25,0.0,1.7977541581227905,t+2
Córdoba,2025,26,0.0,0.5193114293600424,t+2
Córdoba,2025,27,0.0,0.11655487367676864,t+2
Córdoba,2025,28,1.0,0.0,t+2
Córdoba,2025,29,1.0,0.0,t+2
Córdoba,2025,30,0.0,0.03480694957246229,t+2
Córdoba,2025,31,0.0,0.1580227620090057,t+2
Córdoba,2025,32,0.0,0.15989822185905775,t+2
Córdoba,2025,33,0.0,0.13235081366255652,t+2
Córdoba,2025,34,0.0,0.08792721796282543,t+2
Córdoba,2025,35,0.0,0.056161696970792,t+2
Córdoba,2025,36,0.0,0.041454359910543734,t+2
Córdoba,2025,37,0.0,0.031270797871356,t+2
Córdoba,2025,38,0.0,0.02458216603013579,t+2
Córdoba,2025,39,0.0,0.023800543252473556,t+2
Córdoba,2025,40,0.0,0.06431141283749031,t+2
Córdoba,2025,41,0.0,0.06153319374392339,t+2
Córdoba,2025,42,0.0,0.05845620813042704,t+2
Córdoba,2025,43,0.0,0.01503295016949852,t+2
Córdoba,2025,44,0.0,0.0,t+2
Córdoba,2025,45,0.0,0.0,t+2
Córdoba,2025,46,0.0,0.0,t+2
Córdoba,2025,47,0.0,0.0,t+2
Córdoba,2025,48,0.0,0.019185792721752977,t+2
Córdoba,2025,49,0.0,0.010639755743339111,t+2
Córdoba,2025,50,0.0,0.02415537998617793,t+2
Córdoba,2025,51,0.0,0.0594955685377536,t+2
Córdoba,2025,52,0.0,0.06218120233453846,t+2
Córdoba,2025,53,0.0,0.07182592819197563,t+2
Entre Ríos,2024,1,34.0,15.276954735973659,t+2
Entre Ríos,2024,2,55.0,52.205515785600795,t+2
Entre Ríos,2024,3,73.0,155.0612170833331,t+2
Entre Ríos,2024,4,118.0,257.8381458984626,t+2
Entre Ríos,2024,5,217.0,289.18699602101765,t+2
Entre Ríos,2024,6,220.0,310.84804199813874,t+2
Entre Ríos,2024,7,379.0,350.41370003108443,t+2
Entre Ríos,2024,8,579.0,379.421540443513,t+2
Entre Ríos,2024,9,856.0,419.58108397463883,t+2
Entre Ríos,2024,10,1537.0,441.8447373983744,t+2
Entre Ríos,2024,11,2090.0,477.4530584426409,t+2
Entre Ríos,2024,12,2434.0,520.7327903441283,t+2
Entre Ríos,2024,13,2064.0,532.412131116561,t+2
Entre Ríos,2024,14,2361.0,549.9574027605693,t+2
Entre Ríos,2024,15,1984.0,541.3041655799173,t+2
Entre Ríos,2024,16,1514.0,525.8541673636375,t+2
Entre Ríos,2024,17,1195.0,499.7814270339996,t+2
Entre Ríos,2024,18,931.0,466.5873564859553,t+2
Entre Ríos,2024,19,460.0,414.4678304007446,t+2
Entre Ríos,2024,20,216.0,362.21805006538915,t+2
Entre Ríos,2024,21,44.0,264.56350362557265,t+2
Entre Ríos,2024,22,9.0,154.43712048156607,t+2
Entre Ríos,2024,23,7.0,41.63337576772509,t+2
Entre Ríos,2024,24,9.0,4.9940305341204905,t+2
Entre Ríos,2024,25,7.0,1.6739406694852534,t+2
Entre Ríos,2024,26,0.0,1.664186964778765,t+2
Entre Ríos,2024,27,0.0,1.5770542901276148,t+2
Entre Ríos,2024,28,0.0,0.44208222084085863,t+2
Entre Ríos,2024,29,0.0,0.11074630183946396,t+2
Entre Ríos,2024,30,0.0,0.011204152123881738,t+2
Entre Ríos,2024,31,0.0,0.023050392225092264,t+2
Entre Ríos,2024,32,0.0,0.06421385397532929,t+2
Entre Ríos,2024,33,0.0,0.08705205116873657,t+2
Entre Ríos,2024,34,0.0,0.08705450185426242,t+2
Entre Ríos,2024,35,0.0,0.06973139836661332,t+2
Entre Ríos,2024,36,0.0,0.07130478446628598,t+2
Entre Ríos,2024,37,0.0,0.06546255469054843,t+2
Entre Ríos,2024,38,0.0,0.05708075662550656,t+2
Entre Ríos,2024,39,0.0,0.060924851257313756,t+2
Entre Ríos,2024,40,0.0,0.0669349188989311,t+2
Entre Ríos,2024,41,0.0,0.07066203263098902,t+2
Entre Ríos,2024,42,0.0,0.055011166791655935,t+2
Entre Ríos,2024,43,0.0,0.05539834954962519,t+2
Entre Ríos,2024,44,1.0,0.06387813563917752,t+2
Entre Ríos,2024,45,0.0,0.07618929403252982,t+2
Entre Ríos,2024,46,0.0,0.19120054684571197,t+2
Entre Ríos,2024,47,0.0,0.20589116781882905,t+2
Entre Ríos,2024,48,0.0,0.1322177873630608,t+2
Entre Ríos,2024,49,0.0,0.11808629618242283,t+2
Entre Ríos,2024,50,3.0,0.17125901713166133,t+2
Entre Ríos,2024,51,0.0,0.17927129858832366,t+2
Entre Ríos,2024,52,1.0,0.732166493866662,t+2
Entre Ríos,2025,1,1.0,0.9452134453674346,t+2
Entre Ríos,2025,2,2.0,1.5995886145561444,t+2
Entre Ríos,2025,3,0.0,1.7795185905035247,t+2
Entre Ríos,2025,4,0.0,1.8620966846702045,t+2
Entre Ríos,2025,5,2.0,1.1116202131084443,t+2
Entre Ríos,2025,6,6.0,0.6661695120684179,t+2
Entre Ríos,2025,7,5.0,1.096028188233712,t+2
Entre Ríos,2025,8,8.0,3.3217913335510914,t+2
Entre Ríos,2025,9,3.0,8.76977438426716,t+2
Entre Ríos,2025,10,10.0,21.194283861587046,t+2
Entre Ríos,2025,11,8.0,23.23605304613748,t+2
Entre Ríos,2025,12,10.0,31.456182406653113,t+2
Entre Ríos,2025,13,13.0,27.27934276698796,t+2
Entre Ríos,2025,14,11.0,17.476202994879763,t+2
Entre Ríos,2025,15,10.0,16.735838144368675,t+2
Entre Ríos,2025,16,12.0,9.454221131252481,t+2
Entre Ríos,2025,17,6.0,7.16623650086469,t+2
Entre Ríos,2025,18,2.0,5.407055326292978,t+2
Entre Ríos,2025,19,6.0,3.5254094336974227,t+2
Entre Ríos,2025,20,1.0,1.2419716035646426,t+2
Entre Ríos,2025,21,3.0,1.4539704057291218,t+2
Entre Ríos,2025,22,1.0,0.7913610999554068,t+2
Entre Ríos,2025,23,1.0,0.6449533939282838,t+2
Entre Ríos,2025,24,0.0,0.5001362938539164,t+2
Entre Ríos,2025,25,0.0,0.4137638744940006,t+2
Entre Ríos,2025,26,0.0,0.22232165940168439,t+2
Entre Ríos,2025,27,0.0,0.12174680724733435,t+2
Entre Ríos,2025,28,0.0,0.02381956653059921,t+2
Entre Ríos,2025,29,1.0,0.0,t+2
Entre Ríos,2025,30,0.0,0.005044736372633841,t+2
Entre Ríos,2025,31,0.0,0.10914814068092786,t+2
Entre Ríos,2025,32,0.0,0.13611214162855068,t+2
Entre Ríos,2025,33,0.0,0.13667113503107786,t+2
Entre Ríos,2025,34,0.0,0.08928509536362841,t+2
Entre Ríos,2025,35,0.0,0.06513635733488456,t+2
Entre Ríos,2025,36,0.0,0.06232056251359195,t+2
Entre Ríos,2025,37,0.0,0.055933448777423116,t+2
Entre Ríos,2025,38,0.0,0.03712928183272353,t+2
Entre Ríos,2025,39,0.0,0.02140008515360646,t+2
Entre Ríos,2025,40,0.0,0.06406747441216874,t+2
Entre Ríos,2025,41,0.0,0.03877006379796121,t+2
Entre Ríos,2025,42,0.0,0.045208107352718054,t+2
Entre Ríos,2025,43,1.0,0.019509743384061213,t+2
Entre Ríos,2025,44,0.0,0.0,t+2
Entre Ríos,2025,45,0.0,0.08134399492950313,t+2
Entre Ríos,2025,46,0.0,0.07988339459305979,t+2
Entre Ríos,2025,47,0.0,0.0719562634747053,t+2
Entre Ríos,2025,48,0.0,0.06384598930813395,t+2
Entre Ríos,2025,49,0.0,0.056640856044256775,t+2
Entre Ríos,2025,50,0.0,0.06365645788727049,t+2
Entre Ríos,2025,51,0.0,0.11460830426345338,t+2
Entre Ríos,2025,52,0.0,0.14454121520618932,t+2
Entre Ríos,2025,53,0.0,0.17272691623302566,t+2
Formosa,2024,1,1324.0,500.6860070782111,t+2
Formosa,2024,2,1264.0,513.1487029508168,t+2
Formosa,2024,3,1238.0,527.3631649602606,t+2
Formosa,2024,4,1038.0,523.993526890685,t+2
Formosa,2024,5,921.0,534.1777381366123,t+2
Formosa,2024,6,898.0,514.2926339822404,t+2
Formosa,2024,7,559.0,482.89787808743057,t+2
Formosa,2024,8,411.0,497.7530964987851,t+2
Formosa,2024,9,379.0,472.19144490061456,t+2
Formosa,2024,10,326.0,442.3861160925105,t+2
Formosa,2024,11,346.0,435.47290417094024,t+2
Formosa,2024,12,252.0,431.8448631682416,t+2
Formosa,2024,13,212.0,430.3475943507196,t+2
Formosa,2024,14,201.0,381.87483520902276,t+2
Formosa,2024,15,166.0,347.5281692582504,t+2
Formosa,2024,16,153.0,331.0274632451875,t+2
Formosa,2024,17,138.0,306.248408018825,t+2
Formosa,2024,18,137.0,294.3244534045783,t+2
Formosa,2024,19,201.0,267.36414422058135,t+2
Formosa,2024,20,136.0,252.51564530642912,t+2
Formosa,2024,21,29.0,219.51305479825126,t+2
Formosa,2024,22,30.0,127.03942078434923,t+2
Formosa,2024,23,22.0,38.16349961266627,t+2
Formosa,2024,24,38.0,12.076158251172552,t+2
Formosa,2024,25,35.0,6.024167261259344,t+2
Formosa,2024,26,28.0,7.519914229818793,t+2
Formosa,2024,27,11.0,10.91589607155971,t+2
Formosa,2024,28,7.0,8.923056733009663,t+2
Formosa,2024,29,3.0,4.123099330902152,t+2
Formosa,2024,30,3.0,1.8741770578694374,t+2
Formosa,2024,31,8.0,1.3650956964657772,t+2
Formosa,2024,32,7.0,1.1745471999678558,t+2
Formosa,2024,33,9.0,1.5894428922154422,t+2
Formosa,2024,34,5.0,2.0281961166510913,t+2
Formosa,2024,35,4.0,2.353319258407563,t+2
Formosa,2024,36,6.0,2.4452904179286485,t+2
Formosa,2024,37,5.0,2.077132879768599,t+2
Formosa,2024,38,5.0,2.268831453196252,t+2
Formosa,2024,39,6.0,2.3587264484358275,t+2
Formosa,2024,40,6.0,2.6359564816582908,t+2
Formosa,2024,41,8.0,2.960967861946126,t+2
Formosa,2024,42,4.0,3.075739402183998,t+2
Formosa,2024,43,10.0,4.169074618715185,t+2
Formosa,2024,44,8.0,4.87256844800241,t+2
Formosa,2024,45,12.0,7.195700726693683,t+2
Formosa,2024,46,18.0,8.538739627911072,t+2
Formosa,2024,47,21.0,13.509501889048988,t+2
Formosa,2024,48,8.0,18.700644442460106,t+2
Formosa,2024,49,13.0,27.933024722863788,t+2
Formosa,2024,50,12.0,28.772321339461445,t+2
Formosa,2024,51,13.0,30.958012699995262,t+2
Formosa,2024,52,15.0,31.54440845469343,t+2
Formosa,2025,1,14.0,38.79628040682223,t+2
Formosa,2025,2,17.0,45.57734848606713,t+2
Formosa,2025,3,17.0,40.46560515005918,t+2
Formosa,2025,4,16.0,37.20772771636004,t+2
Formosa,2025,5,13.0,30.00171514562876,t+2
Formosa,2025,6,6.0,25.727123944209612,t+2
Formosa,2025,7,2.0,27.244747688691696,t+2
Formosa,2025,8,5.0,19.414838900755736,t+2
Formosa,2025,9,5.0,7.555065727907226,t+2
Formosa,2025,10,5.0,6.628193561767798,t+2
Formosa,2025,11,8.0,8.055193190251744,t+2
Formosa,2025,12,1.0,7.298203472635665,t+2
Formosa,2025,13,6.0,8.71631734037054,t+2
Formosa,2025,14,4.0,4.017724707950178,t+2
Formosa,2025,15,5.0,4.440348180588699,t+2
Formosa,2025,16,5.0,4.596351001451061,t+2
Formosa,2025,17,5.0,5.136505937114027,t+2
Formosa,2025,18,9.0,4.671799182852682,t+2
Formosa,2025,19,3.0,3.9323544302071713,t+2
Formosa,2025,20,10.0,3.5055263338489273,t+2
Formosa,2025,21,7.0,2.570548054746795,t+2
Formosa,2025,22,5.0,2.9338130358258097,t+2
Formosa,2025,23,9.0,3.9954587495581007,t+2
Formosa,2025,24,11.0,2.6756513033943454,t+2
Formosa,2025,25,7.0,3.1332864554419766,t+2
Formosa,2025,26,8.0,2.8055949726093514,t+2
Formosa,2025,27,5.0,3.1277353339034812,t+2
Formosa,2025,28,4.0,2.2152093391341814,t+2
Formosa,2025,29,3.0,1.6345656800493518,t+2
Formosa,2025,30,4.0,1.426970962334983,t+2
Formosa,2025,31,1.0,1.3614307643870516,t+2
Formosa,2025,32,1.0,1.4171645695622803,t+2
Formosa,2025,33,0.0,0.9867081742153343,t+2
Formosa,2025,34,0.0,0.6903445445219695,t+2
Formosa,2025,35,0.0,0.3869055152030729,t+2
Formosa,2025,36,0.0,0.25761949778562165,t+2
Formosa,2025,37,0.0,0.15335071323132407,t+2
Formosa,2025,38,0.0,0.11395808242698531,t+2
Formosa,2025,39,0.0,0.10914245408170009,t+2
Formosa,2025,40,0.0,0.15099382546182874,t+2
Formosa,2025,41,0.0,0.11357986585516264,t+2
Formosa,2025,42,0.0,0.10963697451343667,t+2
Formosa,2025,43,0.0,0.0871570403258282,t+2
Formosa,2025,44,0.0,0.06937177520335468,t+2
Formosa,2025,45,0.0,0.04790961163568559,t+2
Formosa,2025,46,0.0,0.05755798691926116,t+2
Formosa,2025,47,0.0,0.060430639315240536,t+2
Formosa,2025,48,0.0,0.11345390317746139,t+2
Formosa,2025,49,0.0,0.10728598852302196,t+2
Formosa,2025,50,0.0,0.13336456632694252,t+2
Formosa,2025,51,0.0,0.15615216335041374,t+2
Formosa,2025,52,0.0,0.23276486578768313,t+2
Formosa,2025,53,0.0,0.30035272367459376,t+2
Jujuy,2024,1,5.0,1.058552612665865,t+2
Jujuy,2024,2,3.0,2.6768541116746936,t+2
Jujuy,2024,3,5.0,10.085409008529433,t+2
Jujuy,2024,4,8.0,26.986890542295708,t+2
Jujuy,2024,5,30.0,56.08810068683684,t+2
Jujuy,2024,6,26.0,80.17816661742611,t+2
Jujuy,2024,7,108.0,118.79833847499879,t+2
Jujuy,2024,8,161.0,153.19851286951553,t+2
Jujuy,2024,9,177.0,247.0704091787027,t+2
Jujuy,2024,10,288.0,318.58574348701245,t+2
Jujuy,2024,11,474.0,347.4517334859821,t+2
Jujuy,2024,12,1374.0,394.0796828508892,t+2
Jujuy,2024,13,1704.0,431.6409336891268,t+2
Jujuy,2024,14,2399.0,478.6316856028046,t+2
Jujuy,2024,15,2621.0,490.6377511098402,t+2
Jujuy,2024,16,1789.0,512.3667851745637,t+2
Jujuy,2024,17,1191.0,503.81352500008035,t+2
Jujuy,2024,18,861.0,450.6741686659421,t+2
Jujuy,2024,19,603.0,392.45933476422744,t+2
Jujuy,2024,20,211.0,329.8862505634859,t+2
Jujuy,2024,21,53.0,264.6124852010425,t+2
Jujuy,2024,22,26.0,132.3768102033252,t+2
Jujuy,2024,23,11.0,34.9417645320144,t+2
Jujuy,2024,24,0.0,7.940377110526974,t+2
Jujuy,2024,25,6.0,2.597301667318778,t+2
Jujuy,2024,26,2.0,0.33241626354199477,t+2
Jujuy,2024,27,0.0,0.2578681753088293,t+2
Jujuy,2024,28,0.0,0.2429429573866803,t+2
Jujuy,2024,29,0.0,0.10871914647166549,t+2
Jujuy,2024,30,0.0,0.006979399112541357,t+2
Jujuy,2024,31,0.0,0.0,t+2
Jujuy,2024,32,0.0,0.0,t+2
Jujuy,2024,33,0.0,0.0,t+2
Jujuy,2024,34,0.0,0.0,t+2
Jujuy,2024,35,0.0,0.0,t+2
Jujuy,2024,36,0.0,0.0,t+2
Jujuy,2024,37,0.0,0.0,t+2
Jujuy,2024,38,0.0,0.0,t+2
Jujuy,2024,39,0.0,0.0,t+2
Jujuy,2024,40,0.0,0.0,t+2
Jujuy,2024,41,0.0,0.0,t+2
Jujuy,2024,42,0.0,0.0,t+2
Jujuy,2024,43,0.0,0.0,t+2
Jujuy,2024,44,0.0,0.0030838450846083364,t+2
Jujuy,2024,45,0.0,0.010760629296384784,t+2
Jujuy,2024,46,0.0,0.016266846058052578,t+2
Jujuy,2024,47,0.0,0.05326778643649983,t+2
Jujuy,2024,48,0.0,0.05296243698803274,t+2
Jujuy,2024,49,0.0,0.08235746005820703,t+2
Jujuy,2024,50,0.0,0.17007498012433797,t+2
Jujuy,2024,51,0.0,0.21616629087391726,t+2
Jujuy,2024,52,0.0,0.19639181023493196,t+2
Jujuy,2025,1,0.0,0.19289262422378867,t+2
Jujuy,2025,2,0.0,0.2298712387760504,t+2
Jujuy,2025,3,0.0,0.3178116089196775,t+2
Jujuy,2025,4,0.0,0.42601790064449463,t+2
Jujuy,2025,5,0.0,0.4352925651948401,t+2
Jujuy,2025,6,0.0,0.5726931614746672,t+2
Jujuy,2025,7,0.0,0.8027103954572438,t+2
Jujuy,2025,8,0.0,0.9107972302600219,t+2
Jujuy,2025,9,0.0,0.8552354732828764,t+2
Jujuy,2025,10,0.0,0.979760222019605,t+2
Jujuy,2025,11,0.0,1.082477503889455,t+2
Jujuy,2025,12,0.0,1.0477674548167801,t+2
Jujuy,2025,13,0.0,0.8901802242617041,t+2
Jujuy,2025,14,0.0,0.8447737562564744,t+2
Jujuy,2025,15,0.0,0.659138330238065,t+2
Jujuy,2025,16,0.0,0.3574322117418624,t+2
Jujuy,2025,17,0.0,0.17769356305928757,t+2
Jujuy,2025,18,0.0,0.12183854479414659,t+2
Jujuy,2025,19,0.0,0.09733466756609654,t+2
Jujuy,2025,20,0.0,0.03429259777512144,t+2
Jujuy,2025,21,0.0,0.0,t+2
Jujuy,2025,22,0.0,0.0,t+2
Jujuy,2025,23,0.0,0.0,t+2
Jujuy,2025,24,0.0,0.0,t+2
Jujuy,2025,25,0.0,0.0,t+2
Jujuy,2025,26,0.0,0.0,t+2
Jujuy,2025,27,0.0,0.0,t+2
Jujuy,2025,28,0.0,0.0,t+2
Jujuy,2025,29,0.0,0.0,t+2
Jujuy,2025,30,0.0,0.0,t+2
Jujuy,2025,31,0.0,0.0,t+2
Jujuy,2025,32,0.0,0.0,t+2
Jujuy,2025,33,0.0,0.0,t+2
Jujuy,2025,34,0.0,0.0,t+2
Jujuy,2025,35,0.0,0.0,t+2
Jujuy,2025,36,0.0,0.0,t+2
Jujuy,2025,37,0.0,0.0,t+2
Jujuy,2025,38,0.0,0.0,t+2
Jujuy,2025,39,0.0,0.0,t+2
Jujuy,2025,40,0.0,0.0,t+2
Jujuy,2025,41,0.0,0.0,t+2
Jujuy,2025,42,0.0,0.0,t+2
Jujuy,2025,43,0.0,0.0,t+2
Jujuy,2025,44,0.0,0.0,t+2
Jujuy,2025,45,0.0,0.0,t+2
Jujuy,2025,46,0.0,0.0,t+2
Jujuy,2025,47,0.0,0.0,t+2
Jujuy,2025,48,0.0,0.0,t+2
Jujuy,2025,49,0.0,0.0,t+2
Jujuy,2025,50,0.0,0.0,t+2
Jujuy,2025,51,0.0,0.01955923461483933,t+2
Jujuy,2025,52,0.0,0.025232632107315026,t+2
Jujuy,2025,53,0.0,0.02449417202155504,t+2
La Pampa,2024,1,4.0,1.2798216995106604,t+2
La Pampa,2024,2,3.0,3.2008669515737527,t+2
La Pampa,2024,3,4.0,12.396775960040681,t+2
La Pampa,2024,4,2.0,31.89459770288771,t+2
La Pampa,2024,5,1.0,40.60049747441471,t+2
La Pampa,2024,6,7.0,24.00102851992242,t+2
La Pampa,2024,7,9.0,10.844311743797313,t+2
La Pampa,2024,8,10.0,17.708099168822343,t+2
La Pampa,2024,9,21.0,34.443420531685796,t+2
La Pampa,2024,10,23.0,54.16385852417203,t+2
La Pampa,2024,11,46.0,88.02946812735877,t+2
La Pampa,2024,12,82.0,111.34409242603299,t+2
La Pampa,2024,13,75.0,128.6799844596861,t+2
La Pampa,2024,14,125.0,157.85544515145273,t+2
La Pampa,2024,15,67.0,170.31397298118324,t+2
La Pampa,2024,16,32.0,171.87447032609603,t+2
La Pampa,2024,17,22.0,124.28818203486294,t+2
La Pampa,2024,18,11.0,68.17817030416775,t+2
La Pampa,2024,19,6.0,24.861729480634263,t+2
La Pampa,2024,20,1.0,6.059877371764208,t+2
La Pampa,2024,21,0.0,1.9519477512109398,t+2
La Pampa,2024,22,0.0,0.5056898955145853,t+2
La Pampa,2024,23,0.0,0.03177603091202511,t+2
La Pampa,2024,24,0.0,0.0,t+2
La Pampa,2024,25,0.0,0.0,t+2
La Pampa,2024,26,1.0,0.0,t+2
La Pampa,2024,27,0.0,0.0,t+2
La Pampa,2024,28,0.0,0.05870671341551328,t+2
La Pampa,2024,29,0.0,0.04549524124875438,t+2
La Pampa,2024,30,0.0,0.0272140740254321,t+2
La Pampa,2024,31,0.0,0.038321812567272316,t+2
La Pampa,2024,32,0.0,0.03867242900066956,t+2
La Pampa,2024,33,0.0,0.03829519547593736,t+2
La Pampa,2024,34,0.0,0.03907148650077941,t+2
La Pampa,2024,35,0.0,0.04012032826680085,t+2
La Pampa,2024,36,0.0,0.04822454919116815,t+2
La Pampa,2024,37,0.0,0.052619206476439105,t+2
La Pampa,2024,38,0.0,0.04187744398893002,t+2
La Pampa,2024,39,0.0,0.03346779163935681,t+2
La Pampa,2024,40,0.0,0.03333608660961884,t+2
La Pampa,2024,41,0.0,0.029168508913830236,t+2
La Pampa,2024,42,0.0,0.02811478505799234,t+2
La Pampa,2024,43,0.0,0.044607790998322655,t+2
La Pampa,2024,44,0.0,0.07133029999566129,t+2
La Pampa,2024,45,0.0,0.06358220172214439,t+2
La Pampa,2024,46,0.0,0.05994879813297884,t+2
La Pampa,2024,47,0.0,0.042441242256512225,t+2
La Pampa,2024,48,0.0,0.016835826896059877,t+2
La Pampa,2024,49,0.0,0.03315901583374134,t+2
La Pampa,2024,50,0.0,0.034384780840895426,t+2
La Pampa,2024,51,0.0,0.020160290619037013,t+2
La Pampa,2024,52,0.0,0.036314497892629055,t+2
La Pampa,2025,1,1.0,0.060714665408240914,t+2
La Pampa,2025,2,0.0,0.09104766500822516,t+2
La Pampa,2025,3,0.0,0.303859018413404,t+2
La Pampa,2025,4,1.0,0.41696121926511237,t+2
La Pampa,2025,5,1.0,0.4392945800199445,t+2
La Pampa,2025,6,6.0,0.6202109474477222,t+2
La Pampa,2025,7,7.0,1.0235565938557114,t+2
La Pampa,2025,8,6.0,3.4106838005194677,t+2
La Pampa,2025,9,4.0,9.94454181385054,t+2
La Pampa,2025,10,28.0,15.452588638144313,t+2
La Pampa,2025,11,25.0,16.934558011601002,t+2
La Pampa,2025,12,40.0,38.97790064781101,t+2
La Pampa,2025,13,31.0,55.88724931247266,t+2
La Pampa,2025,14,38.0,69.58109202854808,t+2
La Pampa,2025,15,18.0,68.02291066211592,t+2
La Pampa,2025,16,5.0,47.76535201012456,t+2
La Pampa,2025,17,0.0,17.648239771066546,t+2
La Pampa,2025,18,1.0,3.8281920681782906,t+2
La Pampa,2025,19,3.0,0.386115761393571,t+2
La Pampa,2025,20,0.0,0.03748681417431898,t+2
La Pampa,2025,21,0.0,0.19091243420828438,t+2
La Pampa,2025,22,0.0,0.17108237104920337,t+2
La Pampa,2025,23,0.0,0.037830921963388636,t+2
La Pampa,2025,24,0.0,0.0,t+2
La Pampa,2025,25,0.0,0.0,t+2
La Pampa,2025,26,0.0,0.0,t+2
La Pampa,2025,27,0.0,0.0,t+2
La Pampa,2025,28,0.0,0.0,t+2
La Pampa,2025,29,0.0,0.0,t+2
La Pampa,2025,30,0.0,0.0,t+2
La Pampa,2025,31,0.0,0.022463322677227594,t+2
La Pampa,2025,32,0.0,0.022792554824482374,t+2
La Pampa,2025,33,0.0,0.031729060437818764,t+2
La Pampa,2025,34,0.0,0.01952486853899895,t+2
La Pampa,2025,35,0.0,0.02098858348227815,t+2
La Pampa,2025,36,0.0,0.026022959023252183,t+2
La Pampa,2025,37,0.0,0.040440945252172227,t+2
La Pampa,2025,38,0.0,0.0364582278989422,t+2
La Pampa,2025,39,0.0,0.040454489296148415,t+2
La Pampa,2025,40,0.0,0.06834133373019215,t+2
La Pampa,2025,41,0.0,0.06962237470197645,t+2
La Pampa,2025,42,0.0,0.07510040615470322,t+2
La Pampa,2025,43,0.0,0.05424140575577715,t+2
La Pampa,2025,44,0.0,0.03797607005189721,t+2
La Pampa,2025,45,0.0,0.03309094577538821,t+2
La Pampa,2025,46,0.0,0.010002734916885232,t+2
La Pampa,2025,47,0.0,0.01581836935091649,t+2
La Pampa,2025,48,0.0,0.026271385859362617,t+2
La Pampa,2025,49,0.0,0.013614961239911476,t+2
La Pampa,2025,50,0.0,0.03882249199437127,t+2
La Pampa,2025,51,0.0,0.06407776636938137,t+2
La Pampa,2025,52,0.0,0.0667708647228992,t+2
La Pampa,2025,53,0.0,0.03873176418010183,t+2
La Rioja,2024,1,10.0,1.0632048624080188,t+2
La Rioja,2024,2,16.0,1.5862458922205227,t+2
La Rioja,2024,3,15.0,8.617090184961874,t+2
La Rioja,2024,4,24.0,50.052158366900755,t+2
La Rioja,2024,5,28.0,117.94599035611913,t+2
La Rioja,2024,6,26.0,145.86917430748954,t+2
La Rioja,2024,7,30.0,137.07757091807775,t+2
La Rioja,2024,8,57.0,139.62251988647776,t+2
La Rioja,2024,9,118.0,131.67231115545476,t+2
La Rioja,2024,10,262.0,158.2611790162953,t+2
La Rioja,2024,11,528.0,232.3742644919012,t+2
La Rioja,2024,12,1226.0,326.85478120438245,t+2
La Rioja,2024,13,1693.0,397.8283255103547,t+2
La Rioja,2024,14,1965.0,444.6759590372669,t+2
La Rioja,2024,15,2180.0,464.26126126790376,t+2
La Rioja,2024,16,1064.0,467.1483607994956,t+2
La Rioja,2024,17,1236.0,471.9294344476676,t+2
La Rioja,2024,18,606.0,393.9695987126675,t+2
La Rioja,2024,19,378.0,374.48313975597205,t+2
La Rioja,2024,20,169.0,285.2695326010142,t+2
La Rioja,2024,21,64.0,180.35232286365115,t+2
La Rioja,2024,22,20.0,76.00290995880671,t+2
La Rioja,2024,23,8.0,24.184987435455835,t+2
La Rioja,2024,24,1.0,5.524407347870533,t+2
La Rioja,2024,25,2.0,1.8280395421954203,t+2
La Rioja,2024,26,1.0,0.5016822261345679,t+2
La Rioja,2024,27,0.0,0.2970951494646584,t+2
La Rioja,2024,28,0.0,0.20111552349304287,t+2
La Rioja,2024,29,0.0,0.08800894985232213,t+2
La Rioja,2024,30,0.0,0.018426654281481818,t+2
La Rioja,2024,31,0.0,0.0,t+2
La Rioja,2024,32,0.0,0.00524465855212798,t+2
La Rioja,2024,33,0.0,0.010966871697948067,t+2
La Rioja,2024,34,0.0,0.010487995194950927,t+2
La Rioja,2024,35,0.0,0.007150261798717066,t+2
La Rioja,2024,36,0.0,0.01720862965853431,t+2
La Rioja,2024,37,0.0,0.022530506579488373,t+2
La Rioja,2024,38,0.0,0.01853397809292019,t+2
La Rioja,2024,39,0.0,0.021287520261130698,t+2
La Rioja,2024,40,0.0,0.012257107347288318,t+2
La Rioja,2024,41,0.0,0.008308614825728599,t+2
La Rioja,2024,42,0.0,0.0,t+2
La Rioja,2024,43,0.0,0.014312827605874623,t+2
La Rioja,2024,44,0.0,0.05679386088224252,t+2
La Rioja,2024,45,0.0,0.06467463796260856,t+2
La Rioja,2024,46,0.0,0.06196373965014211,t+2
La Rioja,2024,47,0.0,0.09306993463511803,t+2
La Rioja,2024,48,0.0,0.03924760557759279,t+2
La Rioja,2024,49,0.0,0.030638836205907103,t+2
La Rioja,2024,50,0.0,0.06686675712501244,t+2
La Rioja,2024,51,0.0,0.046539835875613375,t+2
La Rioja,2024,52,0.0,0.03510635660642067,t+2
La Rioja,2025,1,1.0,0.03015363810615495,t+2
La Rioja,2025,2,0.0,0.033658859525192146,t+2
La Rioja,2025,3,1.0,0.25645761948931567,t+2
La Rioja,2025,4,1.0,0.35489599493754737,t+2
La Rioja,2025,5,2.0,0.6175898065875067,t+2
La Rioja,2025,6,0.0,1.1648944250580981,t+2
La Rioja,2025,7,0.0,2.538974807700893,t+2
La Rioja,2025,8,0.0,2.320890823408551,t+2
La Rioja,2025,9,5.0,1.479380300188334,t+2
La Rioja,2025,10,25.0,0.9654117481676471,t+2
La Rioja,2025,11,11.0,2.735866419596932,t+2
La Rioja,2025,12,1.0,14.45779440240462,t+2
La Rioja,2025,13,13.0,31.986155223603532,t+2
La Rioja,2025,14,12.0,11.54797072377469,t+2
La Rioja,2025,15,9.0,9.774306677736272,t+2
La Rioja,2025,16,5.0,8.67670969490099,t+2
La Rioja,2025,17,0.0,6.655577312931363,t+2
La Rioja,2025,18,3.0,3.897225816313609,t+2
La Rioja,2025,19,10.0,0.664480126696083,t+2
La Rioja,2025,20,4.0,0.42852548795483264,t+2
La Rioja,2025,21,1.0,1.1435267090102177,t+2
La Rioja,2025,22,1.0,1.6473726431625033,t+2
La Rioja,2025,23,0.0,0.8703055164558786,t+2
La Rioja,2025,24,0.0,0.40986719610768546,t+2
La Rioja,2025,25,0.0,0.16433236782286864,t+2
La Rioja,2025,26,0.0,0.05756721608389257,t+2
La Rioja,2025,27,0.0,0.0148677985207729,t+2
La Rioja,2025,28,0.0,0.0,t+2
La Rioja,2025,29,0.0,0.0,t+2
La Rioja,2025,30,0.0,0.0006686830671467456,t+2
La Rioja,2025,31,0.0,0.024042139082440257,t+2
La Rioja,2025,32,0.0,0.03545219746454546,t+2
La Rioja,2025,33,0.0,0.041053478753459195,t+2
La Rioja,2025,34,0.0,0.036208993008729345,t+2
La Rioja,2025,35,0.0,0.028826674712976005,t+2
La Rioja,2025,36,0.0,0.021031389454373002,t+2
La Rioja,2025,37,0.0,0.007883403381104777,t+2
La Rioja,2025,38,0.0,0.00235357512996953,t+2
La Rioja,2025,39,0.0,0.004705215643276447,t+2
La Rioja,2025,40,0.0,0.03292003907356914,t+2
La Rioja,2025,41,0.0,0.03181489947075485,t+2
La Rioja,2025,42,0.0,0.029106614137001982,t+2
La Rioja,2025,43,0.0,0.0,t+2
La Rioja,2025,44,0.0,0.0,t+2
La Rioja,2025,45,0.0,0.0,t+2
La Rioja,2025,46,0.0,0.0,t+2
La Rioja,2025,47,0.0,0.0,t+2
La Rioja,2025,48,0.0,0.0018120773135162644,t+2
La Rioja,2025,49,0.0,0.0,t+2
La Rioja,2025,50,0.0,0.0,t+2
La Rioja,2025,51,0.0,0.0,t+2
La Rioja,2025,52,0.0,0.015291194174802408,t+2
La Rioja,2025,53,0.0,0.027836460894674835,t+2
Mendoza,2024,1,4.0,0.9945323125614832,t+2
Mendoza,2024,2,4.0,1.762339663900197,t+2
Mendoza,2024,3,3.0,4.556026246067433,t+2
Mendoza,2024,4,11.0,10.106764041731246,t+2
Mendoza,2024,5,4.0,13.220351604729073,t+2
Mendoza,2024,6,5.0,25.17782224382239,t+2
Mendoza,2024,7,8.0,26.853279220110537,t+2
Mendoza,2024,8,14.0,27.712349646455774,t+2
Mendoza,2024,9,36.0,27.832136311326057,t+2
Mendoza,2024,10,164.0,42.00700792896372,t+2
Mendoza,2024,11,350.0,80.33982527428678,t+2
Mendoza,2024,12,675.0,173.79541182330772,t+2
Mendoza,2024,13,829.0,259.0120814715095,t+2
Mendoza,2024,14,1094.0,310.455313051029,t+2
Mendoza,2024,15,860.0,350.446822234421,t+2
Mendoza,2024,16,355.0,350.18458808282975,t+2
Mendoza,2024,17,198.0,331.91336032860096,t+2
Mendoza,2024,18,107.0,240.98437515204125,t+2
Mendoza,2024,19,31.0,142.49903082102193,t+2
Mendoza,2024,20,12.0,59.173627126838234,t+2
Mendoza,2024,21,3.0,14.91171212556171,t+2
Mendoza,2024,22,0.0,3.1302891848062337,t+2
Mendoza,2024,23,0.0,0.8763986684402228,t+2
Mendoza,2024,24,0.0,0.1283542603304918,t+2
Mendoza,2024,25,0.0,0.0,t+2
Mendoza,2024,26,0.0,0.0,t+2
Mendoza,2024,27,0.0,0.0,t+2
Mendoza,2024,28,1.0,0.0,t+2
Mendoza,2024,29,0.0,0.0,t+2
Mendoza,2024,30,0.0,0.0,t+2
Mendoza,2024,31,0.0,0.0,t+2
Mendoza,2024,32,0.0,0.0,t+2
Mendoza,2024,33,0.0,0.0,t+2
Mendoza,2024,34,0.0,0.0,t+2
Mendoza,2024,35,0.0,0.0,t+2
Mendoza,2024,36,0.0,0.0,t+2
Mendoza,2024,37,0.0,0.0,t+2
Mendoza,2024,38,0.0,0.0,t+2
Mendoza,2024,39,0.0,0.0,t+2
Mendoza,2024,40,0.0,0.0,t+2
Mendoza,2024,41,0.0,0.0,t+2
Mendoza,2024,42,1.0,0.0,t+2
Mendoza,2024,43,0.0,0.0,t+2
Mendoza,2024,44,3.0,0.03850312897937037,t+2
Mendoza,2024,45,1.0,0.05942607146687443,t+2
Mendoza,2024,46,1.0,0.2368518009983359,t+2
Mendoza,2024,47,0.0,0.40625010625127816,t+2
Mendoza,2024,48,0.0,0.45111434123993016,t+2
Mendoza,2024,49,2.0,0.3639214420824009,t+2
Mendoza,2024,50,1.0,0.18677879608027106,t+2
Mendoza,2024,51,1.0,0.22280894897178197,t+2
Mendoza,2024,52,0.0,0.29491686393840344,t+2
Mendoza,2025,1,0.0,0.41638833245176565,t+2
Mendoza,2025,2,0.0,0.3173304805735083,t+2
Mendoza,2025,3,1.0,0.22270310818364886,t+2
Mendoza,2025,4,0.0,0.19241348413863663,t+2
Mendoza,2025,5,0.0,0.3680278203290165,t+2
Mendoza,2025,6,0.0,0.34379178363880253,t+2
Mendoza,2025,7,0.0,0.307178876247001,t+2
Mendoza,2025,8,0.0,0.24524755910663135,t+2
Mendoza,2025,9,1.0,0.15143854889228675,t+2
Mendoza,2025,10,2.0,0.06846805946307889,t+2
Mendoza,2025,11,0.0,0.33291467912929157,t+2
Mendoza,2025,12,0.0,0.9736763073770224,t+2
Mendoza,2025,13,0.0,0.8000318614960718,t+2
Mendoza,2025,14,0.0,0.4992408552370388,t+2
Mendoza,2025,15,0.0,0.24881417706712294,t+2
Mendoza,2025,16,2.0,0.03465528457090471,t+2
Mendoza,2025,17,0.0,0.0,t+2
Mendoza,2025,18,0.0,0.1379642609299586,t+2
Mendoza,2025,19,0.0,0.14630832735225302,t+2
Mendoza,2025,20,0.0,0.06306406123740328,t+2
Mendoza,2025,21,0.0,0.002651248418524219,t+2
Mendoza,2025,22,0.0,0.0,t+2
Mendoza,2025,23,0.0,0.0,t+2
Mendoza,2025,24,0.0,0.0,t+2
Mendoza,2025,25,2.0,0.0,t+2
Mendoza,2025,26,0.0,0.0,t+2
Mendoza,2025,27,0.0,0.05362264522400536,t+2
Mendoza,2025,28,0.0,0.046185384427401464,t+2
Mendoza,2025,29,0.0,0.038235620969836286,t+2
Mendoza,2025,30,0.0,0.018705319663553266,t+2
Mendoza,2025,31,0.0,0.016543035335538237,t+2
Mendoza,2025,32,0.0,0.006553357404867494,t+2
Mendoza,2025,33,0.0,0.0084156057335404,t+2
Mendoza,2025,34,0.0,0.008619499204054613,t+2
Mendoza,2025,35,0.0,0.012549621716179963,t+2
Mendoza,2025,36,0.0,0.00744994570262605,t+2
Mendoza,2025,37,0.0,0.0,t+2
Mendoza,2025,38,0.0,0.0,t+2
Mendoza,2025,39,0.0,0.0,t+2
Mendoza,2025,40,0.0,0.0,t+2
Mendoza,2025,41,0.0,0.0,t+2
Mendoza,2025,42,0.0,0.0,t+2
Mendoza,2025,43,0.0,0.0,t+2
Mendoza,2025,44,0.0,0.0,t+2
Mendoza,2025,45,0.0,0.0,t+2
Mendoza,2025,46,0.0,0.0,t+2
Mendoza,2025,47,0.0,0.0,t+2
Mendoza,2025,48,0.0,0.0,t+2
Mendoza,2025,49,0.0,0.0,t+2
Mendoza,2025,50,0.0,0.0,t+2
Mendoza,2025,51,0.0,0.0,t+2
Mendoza,2025,52,0.0,0.0,t+2
Mendoza,2025,53,0.0,0.0,t+2
Misiones,2024,1,704.0,421.0657808255417,t+2
Misiones,2024,2,867.0,448.9235217274971,t+2
Misiones,2024,3,750.0,487.06286219177514,t+2
Misiones,2024,4,994.0,505.29356185651983,t+2
Misiones,2024,5,1107.0,501.1047306057142,t+2
Misiones,2024,6,1194.0,517.7677884105843,t+2
Misiones,2024,7,1175.0,512.1159629669553,t+2
Misiones,2024,8,1544.0,526.8801600534744,t+2
Misiones,2024,9,1352.0,535.9404424872246,t+2
Misiones,2024,10,1074.0,536.6803688313778,t+2
Misiones,2024,11,1035.0,536.5540059392906,t+2
Misiones,2024,12,1100.0,531.4069798162298,t+2
Misiones,2024,13,767.0,521.9069807968409,t+2
Misiones,2024,14,937.0,507.06516673088447,t+2
Misiones,2024,15,972.0,478.11182924632124,t+2
Misiones,2024,16,1030.0,468.8108150918045,t+2
Misiones,2024,17,717.0,463.84243168473307,t+2
Misiones,2024,18,500.0,455.67393861203004,t+2
Misiones,2024,19,253.0,424.951261259661,t+2
Misiones,2024,20,86.0,376.84720810913507,t+2
Misiones,2024,21,85.0,322.5300603649403,t+2
Misiones,2024,22,33.0,171.72789216989986,t+2
Misiones,2024,23,1.0,87.13611727551704,t+2
Misiones,2024,24,0.0,32.86734868825235,t+2
Misiones,2024,25,3.0,1.4066952413800187,t+2
Misiones,2024,26,3.0,0.02548064385493098,t+2
Misiones,2024,27,0.0,0.2160503685198829,t+2
Misiones,2024,28,0.0,0.42197564243386765,t+2
Misiones,2024,29,0.0,0.2088129844079941,t+2
Misiones,2024,30,0.0,0.063584174084508,t+2
Misiones,2024,31,0.0,0.08432841241901473,t+2
Misiones,2024,32,0.0,0.08365771129771954,t+2
Misiones,2024,33,0.0,0.0487665364293434,t+2
Misiones,2024,34,0.0,0.05059788953764184,t+2
Misiones,2024,35,0.0,0.008468188701910835,t+2
Misiones,2024,36,0.0,0.02254069423067836,t+2
Misiones,2024,37,0.0,0.022614650697597154,t+2
Misiones,2024,38,0.0,0.04522505799726624,t+2
Misiones,2024,39,0.0,0.07701020820098999,t+2
Misiones,2024,40,0.0,0.10029196038574956,t+2
Misiones,2024,41,0.0,0.11274977079869193,t+2
Misiones,2024,42,0.0,0.09363316073944516,t+2
Misiones,2024,43,0.0,0.10156745210074329,t+2
Misiones,2024,44,0.0,0.13046939600873242,t+2
Misiones,2024,45,0.0,0.14072875266267582,t+2
Misiones,2024,46,0.0,0.11658495862006397,t+2
Misiones,2024,47,0.0,0.18469319380487587,t+2
Misiones,2024,48,0.0,0.1448759941075862,t+2
Misiones,2024,49,1.0,0.16845331531488136,t+2
Misiones,2024,50,0.0,0.2406207191673201,t+2
Misiones,2024,51,0.0,0.6473710105636524,t+2
Misiones,2024,52,0.0,0.7986716540025889,t+2
Misiones,2025,1,0.0,0.8488935608380219,t+2
Misiones,2025,2,0.0,0.8010105419430559,t+2
Misiones,2025,3,0.0,0.9612541232296592,t+2
Misiones,2025,4,1.0,0.5009548540917129,t+2
Misiones,2025,5,1.0,0.3635197725508575,t+2
Misiones,2025,6,0.0,0.7337419835641851,t+2
Misiones,2025,7,0.0,1.5035642728275478,t+2
Misiones,2025,8,0.0,1.5898272685456165,t+2
Misiones,2025,9,0.0,1.275239213166747,t+2
Misiones,2025,10,0.0,1.2402277914090394,t+2
Misiones,2025,11,0.0,0.9675298145620664,t+2
Misiones,2025,12,0.0,0.6250575520992019,t+2
Misiones,2025,13,0.0,0.4270055667518781,t+2
Misiones,2025,14,0.0,0.26183948605569596,t+2
Misiones,2025,15,0.0,0.28481263260319595,t+2
Misiones,2025,16,0.0,0.24955885848747728,t+2
Misiones,2025,17,2.0,0.24741227745591807,t+2
Misiones,2025,18,0.0,0.2039005631670835,t+2
Misiones,2025,19,0.0,0.5431499308400126,t+2
Misiones,2025,20,0.0,0.32555526992047973,t+2
Misiones,2025,21,0.0,0.24439510387944388,t+2
Misiones,2025,22,0.0,0.06651732670925081,t+2
Misiones,2025,23,0.0,0.04754818272783693,t+2
Misiones,2025,24,0.0,0.027575586409749324,t+2
Misiones,2025,25,0.0,0.08463078928092305,t+2
Misiones,2025,26,0.0,0.0,t+2
Misiones,2025,27,0.0,0.005889834002381112,t+2
Misiones,2025,28,0.0,0.0,t+2
Misiones,2025,29,0.0,0.0,t+2
Misiones,2025,30,0.0,0.0,t+2
Misiones,2025,31,0.0,0.0028104739251359158,t+2
Misiones,2025,32,0.0,0.04102425544976607,t+2
Misiones,2025,33,0.0,0.019090146888856425,t+2
Misiones,2025,34,0.0,0.016817598899702607,t+2
Misiones,2025,35,0.0,0.01045169362824546,t+2
Misiones,2025,36,0.0,0.03069670055304706,t+2
Misiones,2025,37,0.0,0.0457287239526043,t+2
Misiones,2025,38,0.0,0.0601360884044863,t+2
Misiones,2025,39,0.0,0.047410988972949875,t+2
Misiones,2025,40,0.0,0.0826525948589813,t+2
Misiones,2025,41,0.0,0.05111882110351603,t+2
Misiones,2025,42,0.0,0.08745269303089255,t+2
Misiones,2025,43,0.0,0.0680277696485024,t+2
Misiones,2025,44,0.0,0.047769817925031495,t+2
Misiones,2025,45,0.0,0.01332059156739599,t+2
Misiones,2025,46,0.0,0.02953029734069398,t+2
Misiones,2025,47,0.0,0.05284329277251005,t+2
Misiones,2025,48,0.0,0.2107846351014369,t+2
Misiones,2025,49,0.0,0.16087399325577006,t+2
Misiones,2025,50,0.0,0.1692262613342471,t+2
Misiones,2025,51,0.0,0.1923838274507669,t+2
Misiones,2025,52,0.0,0.2722786528424739,t+2
Misiones,2025,53,0.0,0.34657999008088974,t+2
Neuquén,2024,1,3.0,1.1607571131677243,t+2
Neuquén,2024,2,5.0,3.01586685166144,t+2
Neuquén,2024,3,5.0,6.02246234313447,t+2
Neuquén,2024,4,6.0,10.10233537035401,t+2
Neuquén,2024,5,2.0,13.115102087063077,t+2
Neuquén,2024,6,4.0,15.80476368356477,t+2
Neuquén,2024,7,2.0,9.945407815510004,t+2
Neuquén,2024,8,2.0,8.253317334179354,t+2
Neuquén,2024,9,6.0,5.250382398899004,t+2
Neuquén,2024,10,7.0,3.5818173108698166,t+2
Neuquén,2024,11,7.0,5.085160094298765,t+2
Neuquén,2024,12,22.0,8.044481365389212,t+2
Neuquén,2024,13,20.0,8.835737959485137,t+2
Neuquén,2024,14,38.0,14.281729351947748,t+2
Neuquén,2024,15,20.0,20.455825936926708,t+2
Neuquén,2024,16,13.0,27.793991868883275,t+2
Neuquén,2024,17,4.0,21.3300319378052,t+2
Neuquén,2024,18,6.0,11.328095944645398,t+2
Neuquén,2024,19,3.0,2.856690404605424,t+2
Neuquén,2024,20,1.0,1.371167616223465,t+2
Neuquén,2024,21,1.0,0.8468779568716197,t+2
Neuquén,2024,22,0.0,0.45552648516719424,t+2
Neuquén,2024,23,0.0,0.33801099950231106,t+2
Neuquén,2024,24,0.0,0.18627538920807743,t+2
Neuquén,2024,25,0.0,0.10878308789805445,t+2
Neuquén,2024,26,0.0,0.06549660954853989,t+2
Neuquén,2024,27,0.0,0.035221197441168695,t+2
Neuquén,2024,28,0.0,0.0,t+2
Neuquén,2024,29,0.0,0.0,t+2
Neuquén,2024,30,0.0,0.0,t+2
Neuquén,2024,31,0.0,0.0,t+2
Neuquén,2024,32,0.0,0.0,t+2
Neuquén,2024,33,0.0,0.0,t+2
Neuquén,2024,34,0.0,0.0,t+2
Neuquén,2024,35,0.0,0.0,t+2
Neuquén,2024,36,0.0,0.0,t+2
Neuquén,2024,37,0.0,0.00041615909295260285,t+2
Neuquén,2024,38,0.0,0.0,t+2
Neuquén,2024,39,0.0,0.0,t+2
Neuquén,2024,40,0.0,0.0,t+2
Neuquén,2024,41,0.0,0.0,t+2
Neuquén,2024,42,0.0,0.0,t+2
Neuquén,2024,43,0.0,0.0,t+2
Neuquén,2024,44,0.0,0.0,t+2
Neuquén,2024,45,0.0,0.0,t+2
Neuquén,2024,46,0.0,0.0,t+2
Neuquén,2024,47,0.0,0.0,t+2
Neuquén,2024,48,0.0,0.0,t+2
Neuquén,2024,49,0.0,0.0,t+2
Neuquén,2024,50,0.0,0.0,t+2
Neuquén,2024,51,0.0,0.0,t+2
Neuquén,2024,52,0.0,0.0,t+2
Neuquén,2025,1,0.0,0.0,t+2
Neuquén,2025,2,0.0,0.0,t+2
Neuquén,2025,3,0.0,0.0,t+2
Neuquén,2025,4,0.0,0.0,t+2
Neuquén,2025,5,0.0,0.0,t+2
Neuquén,2025,6,0.0,0.0,t+2
Neuquén,2025,7,1.0,0.0,t+2
Neuquén,2025,8,0.0,0.0,t+2
Neuquén,2025,9,0.0,0.07540591880619958,t+2
Neuquén,2025,10,0.0,0.09823256861545288,t+2
Neuquén,2025,11,0.0,0.11281143591865654,t+2
Neuquén,2025,12,0.0,0.10702865807966017,t+2
Neuquén,2025,13,1.0,0.06545147450500394,t+2
Neuquén,2025,14,1.0,0.04137290660082862,t+2
Neuquén,2025,15,1.0,0.18230854096184537,t+2
Neuquén,2025,16,0.0,0.2933920047365177,t+2
Neuquén,2025,17,0.0,0.4387063729186033,t+2
Neuquén,2025,18,0.0,0.31694647055753666,t+2
Neuquén,2025,19,0.0,0.21404729785917342,t+2
Neuquén,2025,20,0.0,0.1050334405619294,t+2
Neuquén,2025,21,0.0,0.0407327108557694,t+2
Neuquén,2025,22,0.0,0.011816213160219332,t+2
Neuquén,2025,23,0.0,0.0,t+2
Neuquén,2025,24,0.0,0.0,t+2
Neuquén,2025,25,0.0,0.0,t+2
Neuquén,2025,26,0.0,0.0,t+2
Neuquén,2025,27,0.0,0.005529515824128118,t+2
Neuquén,2025,28,0.0,0.0,t+2
Neuquén,2025,29,0.0,0.0,t+2
Neuquén,2025,30,0.0,0.0,t+2
Neuquén,2025,31,0.0,0.0,t+2
Neuquén,2025,32,0.0,0.0,t+2
Neuquén,2025,33,0.0,0.000252621889026881,t+2
Neuquén,2025,34,0.0,0.0017943371979031678,t+2
Neuquén,2025,35,0.0,0.010642879383816169,t+2
Neuquén,2025,36,0.0,0.0112415102979418,t+2
Neuquén,2025,37,0.0,0.011956729398229,t+2
Neuquén,2025,38,0.0,0.0,t+2
Neuquén,2025,39,0.0,0.0,t+2
Neuquén,2025,40,0.0,0.0,t+2
Neuquén,2025,41,0.0,0.0,t+2
Neuquén,2025,42,0.0,0.0,t+2
Neuquén,2025,43,0.0,0.0,t+2
Neuquén,2025,44,0.0,0.0,t+2
Neuquén,2025,45,0.0,0.0,t+2
Neuquén,2025,46,0.0,0.0,t+2
Neuquén,2025,47,0.0,0.0,t+2
Neuquén,2025,48,0.0,0.0,t+2
Neuquén,2025,49,0.0,0.0,t+2
Neuquén,2025,50,0.0,0.0,t+2
Neuquén,2025,51,0.0,0.0,t+2
Neuquén,2025,52,0.0,0.0,t+2
Neuquén,2025,53,0.0,0.0,t+2
Río Negro,2024,1,0.0,0.20326836357910988,t+2
Río Negro,2024,2,1.0,0.27878223544376074,t+2
Río Negro,2024,3,5.0,0.4188460835793754,t+2
Río Negro,2024,4,1.0,0.8445094158848279,t+2
Río Negro,2024,5,0.0,2.7445122026356343,t+2
Río Negro,2024,6,3.0,4.171233940545085,t+2
Río Negro,2024,7,1.0,2.7441677409980687,t+2
Río Negro,2024,8,3.0,3.532070785734619,t+2
Río Negro,2024,9,4.0,3.0756324023825967,t+2
Río Negro,2024,10,0.0,3.6990801731231113,t+2
Río Negro,2024,11,4.0,5.674729883092272,t+2
Río Negro,2024,12,19.0,2.4852314259705683,t+2
Río Negro,2024,13,10.0,2.1812927205329538,t+2
Río Negro,2024,14,15.0,5.580062420228824,t+2
Río Negro,2024,15,14.0,10.295213300789912,t+2
Río Negro,2024,16,7.0,13.348557286368626,t+2
Río Negro,2024,17,9.0,11.896574998114303,t+2
Río Negro,2024,18,0.0,6.880644471044529,t+2
Río Negro,2024,19,1.0,3.80637915183724,t+2
Río Negro,2024,20,1.0,0.6198745333460558,t+2
Río Negro,2024,21,1.0,0.18089790801887984,t+2
Río Negro,2024,22,0.0,0.13130752645464172,t+2
Río Negro,2024,23,0.0,0.17841196708170473,t+2
Río Negro,2024,24,0.0,0.14498536061200382,t+2
Río Negro,2024,25,0.0,0.11567128210067344,t+2
Río Negro,2024,26,0.0,0.09102354443805087,t+2
Río Negro,2024,27,0.0,0.052328508949280955,t+2
Río Negro,2024,28,0.0,0.019341676493960108,t+2
Río Negro,2024,29,0.0,0.0,t+2
Río Negro,2024,30,0.0,0.0,t+2
Río Negro,2024,31,0.0,0.0,t+2
Río Negro,2024,32,0.0,0.0,t+2
Río Negro,2024,33,0.0,0.0,t+2
Río Negro,2024,34,0.0,0.0,t+2
Río Negro,2024,35,0.0,0.008330613399870292,t+2
Río Negro,2024,36,0.0,0.014905697986893573,t+2
Río Negro,2024,37,0.0,0.014731305745449555,t+2
Río Negro,2024,38,0.0,0.01292000589979083,t+2
Río Negro,2024,39,0.0,0.008560087138699102,t+2
Río Negro,2024,40,0.0,0.00858935264463349,t+2
Río Negro,2024,41,0.0,0.004482097686066654,t+2
Río Negro,2024,42,0.0,0.003127979484655229,t+2
Río Negro,2024,43,0.0,0.0073567565066454425,t+2
Río Negro,2024,44,0.0,0.015034943225003873,t+2
Río Negro,2024,45,0.0,0.014289444551656403,t+2
Río Negro,2024,46,0.0,0.0014155314036017753,t+2
Río Negro,2024,47,0.0,0.0,t+2
Río Negro,2024,48,0.0,0.0,t+2
Río Negro,2024,49,0.0,0.0,t+2
Río Negro,2024,50,0.0,0.0,t+2
Río Negro,2024,51,0.0,0.0,t+2
Río Negro,2024,52,0.0,0.0,t+2
Río Negro,2025,1,0.0,0.0,t+2
Río Negro,2025,2,0.0,0.0,t+2
Río Negro,2025,3,0.0,0.0,t+2
Río Negro,2025,4,0.0,0.0,t+2
Río Negro,2025,5,0.0,0.0,t+2
Río Negro,2025,6,0.0,0.0,t+2
Río Negro,2025,7,0.0,0.0,t+2
Río Negro,2025,8,0.0,0.0,t+2
Río Negro,2025,9,0.0,0.0,t+2
Río Negro,2025,10,0.0,0.0,t+2
Río Negro,2025,11,0.0,0.020195642612402708,t+2
Río Negro,2025,12,0.0,0.06779719002790892,t+2
Río Negro,2025,13,0.0,0.056644083441437454,t+2
Río Negro,2025,14,0.0,0.05242539920382276,t+2
Río Negro,2025,15,0.0,0.049789854507882654,t+2
Río Negro,2025,16,0.0,0.003191193540709758,t+2
Río Negro,2025,17,0.0,0.01053998807054178,t+2
Río Negro,2025,18,0.0,0.01186058460104344,t+2
Río Negro,2025,19,0.0,0.03301311398636671,t+2
Río Negro,2025,20,0.0,0.023237748213408304,t+2
Río Negro,2025,21,0.0,0.005346718255174649,t+2
Río Negro,2025,22,0.0,0.0055371209230489216,t+2
Río Negro,2025,23,0.0,0.0,t+2
Río Negro,2025,24,0.0,0.0,t+2
Río Negro,2025,25,0.0,0.0,t+2
Río Negro,2025,26,0.0,0.0,t+2
Río Negro,2025,27,0.0,0.007827772601468434,t+2
Río Negro,2025,28,0.0,0.0,t+2
Río Negro,2025,29,0.0,0.0,t+2
Río Negro,2025,30,0.0,0.0,t+2
Río Negro,2025,31,0.0,0.0,t+2
Río Negro,2025,32,0.0,0.0,t+2
Río Negro,2025,33,0.0,0.0,t+2
Río Negro,2025,34,0.0,0.0,t+2
Río Negro,2025,35,0.0,0.0,t+2
Río Negro,2025,36,0.0,0.0018988153377770794,t+2
Río Negro,2025,37,0.0,0.010193945923108858,t+2
Río Negro,2025,38,0.0,0.0007432409405608548,t+2
Río Negro,2025,39,0.0,0.0017153665321910584,t+2
Río Negro,2025,40,0.0,0.013029990934540102,t+2
Río Negro,2025,41,0.0,0.016938360842068116,t+2
Río Negro,2025,42,0.0,0.01491717512485931,t+2
Río Negro,2025,43,0.0,0.012253721066220365,t+2
Río Negro,2025,44,0.0,0.0017150751390488206,t+2
Río Negro,2025,45,0.0,0.0,t+2
Río Negro,2025,46,0.0,0.0,t+2
Río Negro,2025,47,0.0,0.0,t+2
Río Negro,2025,48,0.0,0.0,t+2
Río Negro,2025,49,0.0,0.0,t+2
Río Negro,2025,50,0.0,0.0,t+2
Río Negro,2025,51,0.0,0.0,t+2
Río Negro,2025,52,0.0,0.0,t+2
Río Negro,2025,53,0.0,0.0,t+2
Salta,2024,1,12.0,9.08651492272202,t+2
Salta,2024,2,12.0,23.95873748289391,t+2
Salta,2024,3,28.0,72.2801647489707,t+2
Salta,2024,4,50.0,130.91257979719376,t+2
Salta,2024,5,89.0,197.2226730716786,t+2
Salta,2024,6,219.0,246.3577502381705,t+2
Salta,2024,7,409.0,276.7765270696947,t+2
Salta,2024,8,782.0,352.6607907680458,t+2
Salta,2024,9,1002.0,430.5047195532036,t+2
Salta,2024,10,1434.0,484.4925303363781,t+2
Salta,2024,11,2035.0,513.8542259556357,t+2
Salta,2024,12,2891.0,545.7819161886431,t+2
Salta,2024,13,2565.0,561.8287384870816,t+2
Salta,2024,14,3243.0,564.177821767998,t+2
Salta,2024,15,3437.0,547.1304599763644,t+2
Salta,2024,16,2492.0,556.6229756856884,t+2
Salta,2024,17,1414.0,550.1423857450504,t+2
Salta,2024,18,970.0,511.9416540335183,t+2
Salta,2024,19,655.0,463.59261234395876,t+2
Salta,2024,20,259.0,403.07329479730316,t+2
Salta,2024,21,68.0,332.6556132205744,t+2
Salta,2024,22,18.0,188.50751073180172,t+2
Salta,2024,23,9.0,67.34792535778578,t+2
Salta,2024,24,4.0,12.506118775369641,t+2
Salta,2024,25,7.0,3.0067845123656523,t+2
Salta,2024,26,7.0,1.1567830613177683,t+2
Salta,2024,27,1.0,0.970412454967646,t+2
Salta,2024,28,0.0,1.0173999655377322,t+2
Salta,2024,29,0.0,0.5893590497304764,t+2
Salta,2024,30,0.0,0.2154671436604777,t+2
Salta,2024,31,0.0,0.07275627823710286,t+2
Salta,2024,32,0.0,0.03533925098772937,t+2
Salta,2024,33,0.0,0.016482639083816725,t+2
Salta,2024,34,0.0,0.006074413124099429,t+2
Salta,2024,35,0.0,0.0,t+2
Salta,2024,36,0.0,0.00444951813623585,t+2
Salta,2024,37,0.0,0.004328851520467858,t+2
Salta,2024,38,0.0,0.0023374655287480557,t+2
Salta,2024,39,0.0,0.009522516412766833,t+2
Salta,2024,40,0.0,0.007229001683135392,t+2
Salta,2024,41,0.0,0.015629712888691267,t+2
Salta,2024,42,0.0,0.007042965726878011,t+2
Salta,2024,43,0.0,0.022474922460166337,t+2
Salta,2024,44,1.0,0.07106239777110693,t+2
Salta,2024,45,0.0,0.08292233293234404,t+2
Salta,2024,46,0.0,0.21535935307449713,t+2
Salta,2024,47,1.0,0.30386356984157403,t+2
Salta,2024,48,0.0,0.23124961946505287,t+2
Salta,2024,49,0.0,0.4609610419425191,t+2
Salta,2024,50,0.0,0.6762288868779281,t+2
Salta,2024,51,0.0,0.7686782887821406,t+2
Salta,2024,52,0.0,0.5993896687029966,t+2
Salta,2025,1,1.0,0.47168431595031446,t+2
Salta,2025,2,0.0,0.4335324358106678,t+2
Salta,2025,3,0.0,0.8320029104477181,t+2
Salta,2025,4,1.0,1.0261041414454908,t+2
Salta,2025,5,0.0,0.8993708438570154,t+2
Salta,2025,6,1.0,1.524858884240823,t+2
Salta,2025,7,0.0,1.863943081713664,t+2
Salta,2025,8,1.0,2.696606150793993,t+2
Salta,2025,9,3.0,1.9418638586141719,t+2
Salta,2025,10,3.0,2.4834809750913944,t+2
Salta,2025,11,6.0,5.302696083450381,t+2
Salta,2025,12,1.0,9.017157424841004,t+2
Salta,2025,13,2.0,15.430291603347628,t+2
Salta,2025,14,1.0,11.1186450075671,t+2
Salta,2025,15,1.0,6.358253828445873,t+2
Salta,2025,16,1.0,2.2256624466762234,t+2
Salta,2025,17,0.0,1.0989011477648318,t+2
Salta,2025,18,1.0,0.8880694931484412,t+2
Salta,2025,19,0.0,0.4496453532144736,t+2
Salta,2025,20,0.0,0.367753050083002,t+2
Salta,2025,21,0.0,0.19331975605506496,t+2
Salta,2025,22,0.0,0.08467949766304167,t+2
Salta,2025,23,0.0,0.02239666365525069,t+2
Salta,2025,24,0.0,0.0,t+2
Salta,2025,25,0.0,0.0,t+2
Salta,2025,26,0.0,0.0,t+2
Salta,2025,27,0.0,0.0,t+2
Salta,2025,28,0.0,0.0,t+2
Salta,2025,29,0.0,0.0,t+2
Salta,2025,30,0.0,0.0,t+2
Salta,2025,31,0.0,0.0,t+2
Salta,2025,32,0.0,0.006807613570618464,t+2
Salta,2025,33,0.0,0.016182189652544674,t+2
Salta,2025,34,0.0,0.012115482132315785,t+2
Salta,2025,35,0.0,0.0,t+2
Salta,2025,36,0.0,0.0,t+2
Salta,2025,37,0.0,0.0,t+2
Salta,2025,38,0.0,0.0,t+2
Salta,2025,39,0.0,0.0,t+2
Salta,2025,40,0.0,0.0,t+2
Salta,2025,41,0.0,0.0,t+2
Salta,2025,42,0.0,0.004966167242629711,t+2
Salta,2025,43,0.0,0.0,t+2
Salta,2025,44,0.0,0.0,t+2
Salta,2025,45,0.0,0.0,t+2
Salta,2025,46,0.0,0.0,t+2
Salta,2025,47,0.0,0.007973196031356567,t+2
Salta,2025,48,0.0,0.03676900759196113,t+2
Salta,2025,49,0.0,0.026591504100269035,t+2
Salta,2025,50,0.0,0.014364537788123384,t+2
Salta,2025,51,0.0,0.05164004920913646,t+2
Salta,2025,52,0.0,0.0875008558994599,t+2
Salta,2025,53,0.0,0.11787990674454747,t+2
San Juan,2024,1,2.0,0.4942913213620941,t+2
San Juan,2024,2,1.0,0.8730589938897476,t+2
San Juan,2024,3,1.0,1.9538963651537324,t+2
San Juan,2024,4,3.0,2.9859698770815633,t+2
San Juan,2024,5,5.0,3.332799718414054,t+2
San Juan,2024,6,4.0,4.852276571990844,t+2
San Juan,2024,7,6.0,8.895683787074598,t+2
San Juan,2024,8,4.0,15.065031001158685,t+2
San Juan,2024,9,30.0,19.76955486296599,t+2
San Juan,2024,10,44.0,17.14617992421311,t+2
San Juan,2024,11,120.0,38.43457083053851,t+2
San Juan,2024,12,268.0,82.85407793098346,t+2
San Juan,2024,13,220.0,142.10843114970547,t+2
San Juan,2024,14,232.0,202.73604148905358,t+2
San Juan,2024,15,367.0,230.76520753422867,t+2
San Juan,2024,16,476.0,214.404908720155,t+2
San Juan,2024,17,182.0,222.4751484532264,t+2
San Juan,2024,18,107.0,219.38672344366861,t+2
San Juan,2024,19,67.0,147.83514504737943,t+2
San Juan,2024,20,6.0,60.828355656366384,t+2
San Juan,2024,21,7.0,21.500901576656325,t+2
San Juan,2024,22,0.0,3.2191281918093266,t+2
San Juan,2024,23,0.0,1.2338316012700001,t+2
San Juan,2024,24,0.0,0.2717568053903103,t+2
San Juan,2024,25,0.0,0.03615356956821248,t+2
San Juan,2024,26,0.0,0.0,t+2
San Juan,2024,27,0.0,0.0,t+2
San Juan,2024,28,0.0,0.0,t+2
San Juan,2024,29,0.0,0.0,t+2
San Juan,2024,30,0.0,0.0,t+2
San Juan,2024,31,0.0,0.0,t+2
San Juan,2024,32,0.0,0.0,t+2
San Juan,2024,33,0.0,0.0,t+2
San Juan,2024,34,0.0,0.0,t+2
San Juan,2024,35,0.0,0.0,t+2
San Juan,2024,36,0.0,0.01003413570022662,t+2
San Juan,2024,37,0.0,0.023163783887532766,t+2
San Juan,2024,38,0.0,0.022351049528500786,t+2
San Juan,2024,39,0.0,0.01687324522682065,t+2
San Juan,2024,40,0.0,0.005288741808850446,t+2
San Juan,2024,41,0.0,0.0,t+2
San Juan,2024,42,0.0,0.0,t+2
San Juan,2024,43,0.0,0.0009212707831717443,t+2
San Juan,2024,44,0.0,0.026735192277414395,t+2
San Juan,2024,45,0.0,0.02585206523886636,t+2
San Juan,2024,46,0.0,0.009246179483455139,t+2
San Juan,2024,47,0.0,0.0013751135167221094,t+2
San Juan,2024,48,0.0,0.0,t+2
San Juan,2024,49,0.0,0.0,t+2
San Juan,2024,50,0.0,0.0,t+2
San Juan,2024,51,0.0,0.0,t+2
San Juan,2024,52,0.0,0.0,t+2
San Juan,2025,1,0.0,0.0,t+2
San Juan,2025,2,0.0,0.0,t+2
San Juan,2025,3,0.0,0.0,t+2
San Juan,2025,4,0.0,0.0,t+2
San Juan,2025,5,0.0,0.03878120645689513,t+2
San Juan,2025,6,0.0,0.0760209998061042,t+2
San Juan,2025,7,0.0,0.13721378020322247,t+2
San Juan,2025,8,0.0,0.16749390603205191,t+2
San Juan,2025,9,1.0,0.15270526027016934,t+2
San Juan,2025,10,0.0,0.15319844684715941,t+2
San Juan,2025,11,0.0,0.3981538848471176,t+2
San Juan,2025,12,0.0,0.38817639970826934,t+2
San Juan,2025,13,0.0,0.25206364948336846,t+2
San Juan,2025,14,1.0,0.17539962931147504,t+2
San Juan,2025,15,0.0,0.1024853730065059,t+2
San Juan,2025,16,0.0,0.13467055763923164,t+2
San Juan,2025,17,0.0,0.0795384936892027,t+2
San Juan,2025,18,0.0,0.03835768064901282,t+2
San Juan,2025,19,0.0,0.0,t+2
San Juan,2025,20,0.0,0.0,t+2
San Juan,2025,21,0.0,0.0,t+2
San Juan,2025,22,0.0,0.0,t+2
San Juan,2025,23,0.0,0.0,t+2
San Juan,2025,24,0.0,0.0,t+2
San Juan,2025,25,0.0,0.0,t+2
San Juan,2025,26,0.0,0.0,t+2
San Juan,2025,27,0.0,0.0,t+2
San Juan,2025,28,0.0,0.0,t+2
San Juan,2025,29,0.0,0.0,t+2
San Juan,2025,30,0.0,0.0,t+2
San Juan,2025,31,0.0,0.008786311781854638,t+2
San Juan,2025,32,0.0,0.0078073974056930414,t+2
San Juan,2025,33,0.0,0.0032532806975330516,t+2
San Juan,2025,34,0.0,0.008657568774476076,t+2
San Juan,2025,35,0.0,0.017802193402776383,t+2
San Juan,2025,36,0.0,0.01840706464760947,t+2
San Juan,2025,37,0.0,0.010695541740780282,t+2
San Juan,2025,38,0.0,0.009496637583391566,t+2
San Juan,2025,39,0.0,0.004304530041731698,t+2
San Juan,2025,40,0.0,0.009142916645795942,t+2
San Juan,2025,41,0.0,0.007846609030181776,t+2
San Juan,2025,42,0.0,0.013383305629168011,t+2
San Juan,2025,43,0.0,0.0,t+2
San Juan,2025,44,0.0,0.0,t+2
San Juan,2025,45,0.0,0.0,t+2
San Juan,2025,46,0.0,0.0,t+2
San Juan,2025,47,0.0,0.0,t+2
San Juan,2025,48,0.0,0.0,t+2
San Juan,2025,49,0.0,0.0,t+2
San Juan,2025,50,0.0,0.0,t+2
San Juan,2025,51,0.0,0.0,t+2
San Juan,2025,52,0.0,0.0,t+2
San Juan,2025,53,0.0,0.0,t+2
San Luis,2024,1,4.0,3.650174960179753,t+2
San Luis,2024,2,3.0,7.702583002597257,t+2
San Luis,2024,3,6.0,18.511626772528434,t+2
San Luis,2024,4,7.0,32.566117529065544,t+2
San Luis,2024,5,7.0,48.060235696928984,t+2
San Luis,2024,6,5.0,54.51538882766731,t+2
San Luis,2024,7,17.0,63.36191450062874,t+2
San Luis,2024,8,56.0,64.51055956586107,t+2
San Luis,2024,9,105.0,84.31638685057794,t+2
San Luis,2024,10,167.0,151.29888558030834,t+2
San Luis,2024,11,253.0,247.5763487520234,t+2
San Luis,2024,12,384.0,314.82600596737564,t+2
San Luis,2024,13,476.0,355.0676442064085,t+2
San Luis,2024,14,783.0,352.3660656638531,t+2
San Luis,2024,15,633.0,358.6567752731227,t+2
San Luis,2024,16,438.0,362.56096646196227,t+2
San Luis,2024,17,262.0,349.3195634081145,t+2
San Luis,2024,18,146.0,299.0898469761615,t+2
San Luis,2024,19,87.0,223.555839511109,t+2
San Luis,2024,20,31.0,119.23946122145367,t+2
San Luis,2024,21,5.0,54.04917875549928,t+2
San Luis,2024,22,3.0,13.417416231122948,t+2
San Luis,2024,23,1.0,1.9677266050427733,t+2
San Luis,2024,24,1.0,0.5816193940342307,t+2
San Luis,2024,25,0.0,0.3192393309392966,t+2
San Luis,2024,26,0.0,0.2615729814673715,t+2
San Luis,2024,27,0.0,0.16530309833362075,t+2
San Luis,2024,28,0.0,0.06154315239208192,t+2
San Luis,2024,29,0.0,0.0,t+2
San Luis,2024,30,0.0,0.0,t+2
San Luis,2024,31,0.0,0.0,t+2
San Luis,2024,32,0.0,0.0,t+2
San Luis,2024,33,0.0,0.010293752904316,t+2
San Luis,2024,34,0.0,0.013705485677216765,t+2
San Luis,2024,35,0.0,0.012284934172904678,t+2
San Luis,2024,36,0.0,0.02391729442159611,t+2
San Luis,2024,37,0.0,0.027316197627731062,t+2
San Luis,2024,38,0.0,0.01876955240019265,t+2
San Luis,2024,39,0.0,0.012024437300877964,t+2
San Luis,2024,40,0.0,0.00447157861276215,t+2
San Luis,2024,41,0.0,0.0,t+2
San Luis,2024,42,0.0,0.0,t+2
San Luis,2024,43,0.0,0.01107414467150023,t+2
San Luis,2024,44,0.0,0.05004972498093961,t+2
San Luis,2024,45,0.0,0.056217153677438306,t+2
San Luis,2024,46,0.0,0.042160782893278625,t+2
San Luis,2024,47,0.0,0.030832492149349904,t+2
San Luis,2024,48,0.0,0.0,t+2
San Luis,2024,49,0.0,0.0033998683243266947,t+2
San Luis,2024,50,0.0,0.02013206183769854,t+2
San Luis,2024,51,0.0,0.0,t+2
San Luis,2024,52,0.0,0.0,t+2
San Luis,2025,1,0.0,0.021019286282888638,t+2
San Luis,2025,2,0.0,0.044531560307921,t+2
San Luis,2025,3,0.0,0.08457549707215889,t+2
San Luis,2025,4,0.0,0.1722651043686007,t+2
San Luis,2025,5,0.0,0.2666468980897275,t+2
San Luis,2025,6,1.0,0.29528072096936736,t+2
San Luis,2025,7,0.0,0.4005487259411528,t+2
San Luis,2025,8,2.0,0.8466347347277422,t+2
San Luis,2025,9,6.0,0.8846292776689997,t+2
San Luis,2025,10,8.0,1.5097707340219877,t+2
San Luis,2025,11,6.0,5.089688020273734,t+2
San Luis,2025,12,5.0,15.429503008660385,t+2
San Luis,2025,13,5.0,21.484596396207376,t+2
San Luis,2025,14,7.0,13.185943547053721,t+2
San Luis,2025,15,4.0,9.087558052276753,t+2
San Luis,2025,16,4.0,4.991927215229562,t+2
San Luis,2025,17,0.0,2.508374669194963,t+2
San Luis,2025,18,2.0,1.8407611009885214,t+2
San Luis,2025,19,5.0,0.6123181960188494,t+2
San Luis,2025,20,1.0,0.39232624862154025,t+2
San Luis,2025,21,1.0,0.7772270121260123,t+2
San Luis,2025,22,2.0,0.8129846279555349,t+2
San Luis,2025,23,0.0,0.5249732602576693,t+2
San Luis,2025,24,0.0,0.42731035316061405,t+2
San Luis,2025,25,0.0,0.23394687585868973,t+2
San Luis,2025,26,0.0,0.06073248465179217,t+2
San Luis,2025,27,0.0,0.0,t+2
San Luis,2025,28,0.0,0.0,t+2
San Luis,2025,29,0.0,0.0,t+2
San Luis,2025,30,0.0,0.0,t+2
San Luis,2025,31,0.0,0.0,t+2
San Luis,2025,32,0.0,0.0,t+2
San Luis,2025,33,0.0,0.0,t+2
San Luis,2025,34,0.0,0.0,t+2
San Luis,2025,35,0.0,0.0,t+2
San Luis,2025,36,0.0,0.0,t+2
San Luis,2025,37,0.0,0.0,t+2
San Luis,2025,38,0.0,0.0032902356884049063,t+2
San Luis,2025,39,0.0,0.006438439758138321,t+2
San Luis,2025,40,0.0,0.03805963564620669,t+2
San Luis,2025,41,0.0,0.042459815878435156,t+2
San Luis,2025,42,0.0,0.04270668694915106,t+2
San Luis,2025,43,0.0,0.005851356850355115,t+2
San Luis,2025,44,0.0,0.0,t+2
San Luis,2025,45,0.0,0.0,t+2
San Luis,2025,46,0.0,0.0,t+2
San Luis,2025,47,0.0,0.0,t+2
San Luis,2025,48,0.0,0.0,t+2
San Luis,2025,49,0.0,0.0,t+2
San Luis,2025,50,0.0,0.0,t+2
San Luis,2025,51,0.0,0.012404568789731618,t+2
San Luis,2025,52,0.0,0.008845407022873324,t+2
San Luis,2025,53,0.0,0.0,t+2
Santa Cruz,2024,1,16.0,9.656120834361259,t+2
Santa Cruz,2024,2,14.0,13.488706496954851,t+2
Santa Cruz,2024,3,17.0,25.51876804430343,t+2
Santa Cruz,2024,4,9.0,36.51286055040802,t+2
Santa Cruz,2024,5,4.0,44.85833756482456,t+2
Santa Cruz,2024,6,9.0,37.095792103205966,t+2
Santa Cruz,2024,7,9.0,18.463611761755104,t+2
Santa Cruz,2024,8,9.0,14.693257154269977,t+2
Santa Cruz,2024,9,9.0,14.847285169230494,t+2
Santa Cruz,2024,10,11.0,15.550245338487581,t+2
Santa Cruz,2024,11,17.0,16.804560624062738,t+2
Santa Cruz,2024,12,18.0,17.286438956201632,t+2
Santa Cruz,2024,13,22.0,17.880740806876496,t+2
Santa Cruz,2024,14,21.0,18.395754135199173,t+2
Santa Cruz,2024,15,13.0,18.911106924660615,t+2
Santa Cruz,2024,16,7.0,16.151894337373193,t+2
Santa Cruz,2024,17,9.0,8.54747164233167,t+2
Santa Cruz,2024,18,5.0,3.7649366913269016,t+2
Santa Cruz,2024,19,1.0,2.2109657110606413,t+2
Santa Cruz,2024,20,3.0,1.6507349385897685,t+2
Santa Cruz,2024,21,1.0,0.8287454945897995,t+2
Santa Cruz,2024,22,0.0,0.7143014860392071,t+2
Santa Cruz,2024,23,0.0,0.5377854202596841,t+2
Santa Cruz,2024,24,0.0,0.3388277828371374,t+2
Santa Cruz,2024,25,0.0,0.22495131877332927,t+2
Santa Cruz,2024,26,0.0,0.15021170670327394,t+2
Santa Cruz,2024,27,0.0,0.10701996335214231,t+2
Santa Cruz,2024,28,0.0,0.07451120825636709,t+2
Santa Cruz,2024,29,0.0,0.04858068285002552,t+2
Santa Cruz,2024,30,0.0,0.03612866577883334,t+2
Santa Cruz,2024,31,0.0,0.03105347751913653,t+2
Santa Cruz,2024,32,0.0,0.030447652119318953,t+2
Santa Cruz,2024,33,0.0,0.03965818733994314,t+2
Santa Cruz,2024,34,0.0,0.03999291840009654,t+2
Santa Cruz,2024,35,0.0,0.0357554820523465,t+2
Santa Cruz,2024,36,0.0,0.03150916801743111,t+2
Santa Cruz,2024,37,0.0,0.023116163810980042,t+2
Santa Cruz,2024,38,0.0,0.015395233835182504,t+2
Santa Cruz,2024,39,0.0,0.007216842378163032,t+2
Santa Cruz,2024,40,0.0,0.004962074507432149,t+2
Santa Cruz,2024,41,0.0,0.001205121365622633,t+2
Santa Cruz,2024,42,0.0,0.00256925732785882,t+2
Santa Cruz,2024,43,0.0,0.008259046464492603,t+2
Santa Cruz,2024,44,0.0,0.01736398906601603,t+2
Santa Cruz,2024,45,0.0,0.02368868161509626,t+2
Santa Cruz,2024,46,0.0,0.02325021254724446,t+2
Santa Cruz,2024,47,0.0,0.012644211835108542,t+2
Santa Cruz,2024,48,0.0,0.0019282883035220905,t+2
Santa Cruz,2024,49,0.0,0.0,t+2
Santa Cruz,2024,50,0.0,0.0,t+2
Santa Cruz,2024,51,0.0,0.0,t+2
Santa Cruz,2024,52,0.0,0.0,t+2
Santa Cruz,2025,1,0.0,0.0,t+2
Santa Cruz,2025,2,0.0,0.0,t+2
Santa Cruz,2025,3,0.0,0.017079810316595244,t+2
Santa Cruz,2025,4,0.0,0.023955569067099617,t+2
Santa Cruz,2025,5,0.0,0.01107120351978957,t+2
Santa Cruz,2025,6,0.0,0.02122784473178186,t+2
Santa Cruz,2025,7,0.0,0.030605708080971357,t+2
Santa Cruz,2025,8,0.0,0.012667446493577995,t+2
Santa Cruz,2025,9,0.0,0.008211790140670085,t+2
Santa Cruz,2025,10,0.0,0.01970171604249348,t+2
Santa Cruz,2025,11,0.0,0.011724091606422604,t+2
Santa Cruz,2025,12,1.0,0.023061068659983853,t+2
Santa Cruz,2025,13,0.0,0.023575492314217242,t+2
Santa Cruz,2025,14,0.0,0.13189691699452755,t+2
Santa Cruz,2025,15,0.0,0.1654275529770621,t+2
Santa Cruz,2025,16,0.0,0.10597516134417309,t+2
Santa Cruz,2025,17,0.0,0.06321223577738401,t+2
Santa Cruz,2025,18,0.0,0.051341020616032074,t+2
Santa Cruz,2025,19,0.0,0.042594465579451374,t+2
Santa Cruz,2025,20,0.0,0.045825424858750775,t+2
Santa Cruz,2025,21,0.0,0.03217018692413845,t+2
Santa Cruz,2025,22,0.0,0.013313885593079026,t+2
Santa Cruz,2025,23,0.0,0.002837639949345089,t+2
Santa Cruz,2025,24,0.0,0.006486784086468273,t+2
Santa Cruz,2025,25,0.0,0.017361288568937778,t+2
Santa Cruz,2025,26,0.0,0.024881186049997124,t+2
Santa Cruz,2025,27,0.0,0.02678581831198383,t+2
Santa Cruz,2025,28,0.0,0.009707578551890165,t+2
Santa Cruz,2025,29,0.0,0.0008551791489109664,t+2
Santa Cruz,2025,30,0.0,0.0,t+2
Santa Cruz,2025,31,0.0,0.007651995122502673,t+2
Santa Cruz,2025,32,0.0,0.002404857869542745,t+2
Santa Cruz,2025,33,0.0,0.013622553777069127,t+2
Santa Cruz,2025,34,0.0,0.017296848696597526,t+2
Santa Cruz,2025,35,0.0,0.02173224430999186,t+2
Santa Cruz,2025,36,0.0,0.026758750246987834,t+2
Santa Cruz,2025,37,0.0,0.030706932087129626,t+2
Santa Cruz,2025,38,0.0,0.027924405578660737,t+2
Santa Cruz,2025,39,0.0,0.0333236872859348,t+2
Santa Cruz,2025,40,0.0,0.035826703167184386,t+2
Santa Cruz,2025,41,0.0,0.036173236826393854,t+2
Santa Cruz,2025,42,0.0,0.028456532314990998,t+2
Santa Cruz,2025,43,0.0,0.020712336934873503,t+2
Santa Cruz,2025,44,0.0,0.019220629156650952,t+2
Santa Cruz,2025,45,0.0,0.01738341066026704,t+2
Santa Cruz,2025,46,0.0,0.01418983287952603,t+2
Santa Cruz,2025,47,0.0,0.014767834859350517,t+2
Santa Cruz,2025,48,0.0,0.01957128340543697,t+2
Santa Cruz,2025,49,0.0,0.018801262787559867,t+2
Santa Cruz,2025,50,0.0,0.016314775573853482,t+2
Santa Cruz,2025,51,0.0,0.010552077256727833,t+2
Santa Cruz,2025,52,0.0,0.0033022016632633933,t+2
Santa Cruz,2025,53,0.0,0.0,t+2
Santa Fe,2024,1,116.0,137.4147333366093,t+2
Santa Fe,2024,2,231.0,179.14794896197694,t+2
Santa Fe,2024,3,482.0,274.83019379119565,t+2
Santa Fe,2024,4,733.0,375.835162874863,t+2
Santa Fe,2024,5,1322.0,447.30405310238666,t+2
Santa Fe,2024,6,1882.0,477.50177364847565,t+2
Santa Fe,2024,7,2784.0,505.0685712960675,t+2
Santa Fe,2024,8,4190.0,544.063004988945,t+2
Santa Fe,2024,9,4920.0,569.0629572583896,t+2
Santa Fe,2024,10,5226.0,583.1644292786373,t+2
Santa Fe,2024,11,6851.0,598.0564906798267,t+2
Santa Fe,2024,12,7683.0,608.358971284395,t+2
Santa Fe,2024,13,5884.0,604.2670989914534,t+2
Santa Fe,2024,14,5685.0,612.2979341932719,t+2
Santa Fe,2024,15,4954.0,596.9025945176768,t+2
Santa Fe,2024,16,3690.0,576.6112367134019,t+2
Santa Fe,2024,17,2878.0,560.8923643136707,t+2
Santa Fe,2024,18,1055.0,530.4535004214594,t+2
Santa Fe,2024,19,513.0,493.57370497303276,t+2
Santa Fe,2024,20,217.0,396.95868461125525,t+2
Santa Fe,2024,21,61.0,272.08887548496295,t+2
Santa Fe,2024,22,15.0,137.91038321350763,t+2
Santa Fe,2024,23,5.0,35.87496964167773,t+2
Santa Fe,2024,24,11.0,6.169812797848456,t+2
Santa Fe,2024,25,6.0,1.6094037360827833,t+2
Santa Fe,2024,26,7.0,1.5768990235216331,t+2
Santa Fe,2024,27,1.0,1.5908751296744925,t+2
Santa Fe,2024,28,0.0,1.377089163107196,t+2
Santa Fe,2024,29,0.0,0.7250787596762436,t+2
Santa Fe,2024,30,0.0,0.32238180914452846,t+2
Santa Fe,2024,31,0.0,0.21572934582458705,t+2
Santa Fe,2024,32,0.0,0.18681657746823288,t+2
Santa Fe,2024,33,1.0,0.170571320665692,t+2
Santa Fe,2024,34,0.0,0.14026776614291186,t+2
Santa Fe,2024,35,0.0,0.18223846797525403,t+2
Santa Fe,2024,36,0.0,0.18697839725873666,t+2
Santa Fe,2024,37,0.0,0.16772448642509552,t+2
Santa Fe,2024,38,0.0,0.1337446792483399,t+2
Santa Fe,2024,39,0.0,0.11865252810840653,t+2
Santa Fe,2024,40,0.0,0.10722615949497831,t+2
Santa Fe,2024,41,0.0,0.09956132655785091,t+2
Santa Fe,2024,42,0.0,0.07794392154277051,t+2
Santa Fe,2024,43,1.0,0.07999260018502832,t+2
Santa Fe,2024,44,1.0,0.09803124143253945,t+2
Santa Fe,2024,45,1.0,0.21892326759731823,t+2
Santa Fe,2024,46,1.0,0.37493423050587066,t+2
Santa Fe,2024,47,2.0,0.5635251367166906,t+2
Santa Fe,2024,48,4.0,0.6867467156947907,t+2
Santa Fe,2024,49,2.0,1.1510065364173887,t+2
Santa Fe,2024,50,0.0,2.58717808482683,t+2
Santa Fe,2024,51,0.0,3.5841070081167183,t+2
Santa Fe,2024,52,2.0,2.0212831287871325,t+2
Santa Fe,2025,1,3.0,0.94977119172884,t+2
Santa Fe,2025,2,3.0,1.2455221708487574,t+2
Santa Fe,2025,3,6.0,2.3960508106960767,t+2
Santa Fe,2025,4,17.0,3.362881002584022,t+2
Santa Fe,2025,5,13.0,5.857843927310233,t+2
Santa Fe,2025,6,22.0,16.548378690073044,t+2
Santa Fe,2025,7,43.0,34.82223021576962,t+2
Santa Fe,2025,8,108.0,61.659043680856776,t+2
Santa Fe,2025,9,114.0,108.66650789122826,t+2
Santa Fe,2025,10,185.0,189.08705939636928,t+2
Santa Fe,2025,11,271.0,242.76178921751358,t+2
Santa Fe,2025,12,780.0,303.3265414862683,t+2
Santa Fe,2025,13,1071.0,304.2317439343924,t+2
Santa Fe,2025,14,1702.0,339.08616211965773,t+2
Santa Fe,2025,15,1105.0,397.7183567054109,t+2
Santa Fe,2025,16,916.0,398.77010026968975,t+2
Santa Fe,2025,17,1255.0,371.2637168852403,t+2
Santa Fe,2025,18,932.0,312.94421710212026,t+2
Santa Fe,2025,19,753.0,312.25000594835706,t+2
Santa Fe,2025,20,482.0,244.9514463903414,t+2
Santa Fe,2025,21,72.0,223.48660887576858,t+2
Santa Fe,2025,22,30.0,178.5093878443978,t+2
Santa Fe,2025,23,6.0,54.58280379034239,t+2
Santa Fe,2025,24,0.0,10.116491672139905,t+2
Santa Fe,2025,25,1.0,1.871682229211739,t+2
Santa Fe,2025,26,0.0,0.185200131108468,t+2
Santa Fe,2025,27,0.0,0.03289217081595897,t+2
Santa Fe,2025,28,0.0,0.0,t+2
Santa Fe,2025,29,0.0,0.0,t+2
Santa Fe,2025,30,0.0,0.0,t+2
Santa Fe,2025,31,0.0,0.0008104897021311244,t+2
Santa Fe,2025,32,0.0,0.021970230564590732,t+2
Santa Fe,2025,33,0.0,0.038618044544176305,t+2
Santa Fe,2025,34,0.0,0.023767709384802268,t+2
Santa Fe,2025,35,0.0,0.023897152405494095,t+2
Santa Fe,2025,36,0.0,0.030151053492625042,t+2
Santa Fe,2025,37,0.0,0.029781595405662283,t+2
Santa Fe,2025,38,0.0,0.00960988530436995,t+2
Santa Fe,2025,39,0.0,0.0022018927185695706,t+2
Santa Fe,2025,40,0.0,0.0591194758503137,t+2
Santa Fe,2025,41,0.0,0.05290768716851046,t+2
Santa Fe,2025,42,0.0,0.051113088037349444,t+2
Santa Fe,2025,43,0.0,0.0160229468232344,t+2
Santa Fe,2025,44,0.0,0.0,t+2
Santa Fe,2025,45,0.0,0.004287804802047747,t+2
Santa Fe,2025,46,0.0,0.0,t+2
Santa Fe,2025,47,0.0,0.009238216052822665,t+2
Santa Fe,2025,48,0.0,0.031492739861692036,t+2
Santa Fe,2025,49,0.0,0.04135726799144919,t+2
Santa Fe,2025,50,0.0,0.0640168672888377,t+2
Santa Fe,2025,51,0.0,0.12413160292838289,t+2
Santa Fe,2025,52,0.0,0.14878305929973654,t+2
Santa Fe,2025,53,0.0,0.19001878665704397,t+2
Santiago del Estero,2024,1,28.0,82.95920297762726,t+2
Santiago del Estero,2024,2,77.0,170.78365552727843,t+2
Santiago del Estero,2024,3,78.0,201.741628300686,t+2
Santiago del Estero,2024,4,129.0,267.2447304717014,t+2
Santiago del Estero,2024,5,152.0,294.65074092980603,t+2
Santiago del Estero,2024,6,231.0,313.2656613189572,t+2
Santiago del Estero,2024,7,392.0,322.1677400584723,t+2
Santiago del Estero,2024,8,545.0,370.4941429814961,t+2
Santiago del Estero,2024,9,656.0,408.56162289105475,t+2
Santiago del Estero,2024,10,1100.0,447.1674052518541,t+2
Santiago del Estero,2024,11,1761.0,476.3050958408453,t+2
Santiago del Estero,2024,12,2399.0,515.4057603573444,t+2
Santiago del Estero,2024,13,2482.0,546.1863852645612,t+2
Santiago del Estero,2024,14,2649.0,550.1683588645292,t+2
Santiago del Estero,2024,15,2022.0,541.8862713267524,t+2
Santiago del Estero,2024,16,1679.0,547.6696591431762,t+2
Santiago del Estero,2024,17,989.0,524.2406820767961,t+2
Santiago del Estero,2024,18,713.0,489.2613071346722,t+2
Santiago del Estero,2024,19,388.0,446.3176825168527,t+2
Santiago del Estero,2024,20,232.0,383.1993777082476,t+2
Santiago del Estero,2024,21,95.0,281.38491023404714,t+2
Santiago del Estero,2024,22,2.0,148.26026123784175,t+2
Santiago del Estero,2024,23,4.0,66.43746312638496,t+2
Santiago del Estero,2024,24,3.0,3.8232371031362615,t+2
Santiago del Estero,2024,25,3.0,0.7993371697739521,t+2
Santiago del Estero,2024,26,2.0,0.6372141253669826,t+2
Santiago del Estero,2024,27,0.0,0.7464889801546019,t+2
Santiago del Estero,2024,28,0.0,0.6085126040972085,t+2
Santiago del Estero,2024,29,0.0,0.28603886588057437,t+2
Santiago del Estero,2024,30,0.0,0.1122714157471253,t+2
Santiago del Estero,2024,31,0.0,0.07231632688085099,t+2
Santiago del Estero,2024,32,0.0,0.08207629483659805,t+2
Santiago del Estero,2024,33,0.0,0.08482890997239845,t+2
Santiago del Estero,2024,34,0.0,0.0761483625797134,t+2
Santiago del Estero,2024,35,0.0,0.06616366876194123,t+2
Santiago del Estero,2024,36,0.0,0.0796302732905928,t+2
Santiago del Estero,2024,37,0.0,0.07756410129230726,t+2
Santiago del Estero,2024,38,0.0,0.06362238449286882,t+2
Santiago del Estero,2024,39,0.0,0.06676741244683887,t+2
Santiago del Estero,2024,40,0.0,0.06332060607420349,t+2
Santiago del Estero,2024,41,0.0,0.06661680323403649,t+2
Santiago del Estero,2024,42,0.0,0.053036870679115326,t+2
Santiago del Estero,2024,43,0.0,0.06791864779240171,t+2
Santiago del Estero,2024,44,0.0,0.10922586045911523,t+2
Santiago del Estero,2024,45,0.0,0.10429263123971079,t+2
Santiago del Estero,2024,46,0.0,0.07469552260186418,t+2
Santiago del Estero,2024,47,0.0,0.11100106262185007,t+2
Santiago del Estero,2024,48,0.0,0.03554896474522688,t+2
Santiago del Estero,2024,49,0.0,0.031304097375330575,t+2
Santiago del Estero,2024,50,0.0,0.1054987136515194,t+2
Santiago del Estero,2024,51,0.0,0.12905993289128617,t+2
Santiago del Estero,2024,52,0.0,0.1386090362365433,t+2
Santiago del Estero,2025,1,0.0,0.15577424579127247,t+2
Santiago del Estero,2025,2,0.0,0.22870356503037956,t+2
Santiago del Estero,2025,3,0.0,0.19430166929203035,t+2
Santiago del Estero,2025,4,0.0,0.19432377380281285,t+2
Santiago del Estero,2025,5,0.0,0.16617400876072605,t+2
Santiago del Estero,2025,6,0.0,0.23210534512431788,t+2
Santiago del Estero,2025,7,1.0,0.470121147466445,t+2
Santiago del Estero,2025,8,0.0,0.649557871071094,t+2
Santiago del Estero,2025,9,0.0,1.097656474398777,t+2
Santiago del Estero,2025,10,0.0,1.377449711582137,t+2
Santiago del Estero,2025,11,0.0,1.0495254385683064,t+2
Santiago del Estero,2025,12,0.0,0.4680076129760861,t+2
Santiago del Estero,2025,13,0.0,0.2124093252383645,t+2
Santiago del Estero,2025,14,0.0,0.1996584594306836,t+2
Santiago del Estero,2025,15,0.0,0.358687290895117,t+2
Santiago del Estero,2025,16,0.0,0.21421327200701312,t+2
Santiago del Estero,2025,17,0.0,0.0969997893824135,t+2
Santiago del Estero,2025,18,0.0,0.06884051498045812,t+2
Santiago del Estero,2025,19,0.0,0.12797517537731837,t+2
Santiago del Estero,2025,20,0.0,0.05022797214880562,t+2
Santiago del Estero,2025,21,0.0,0.061201137911129064,t+2
Santiago del Estero,2025,22,0.0,0.07625300306201804,t+2
Santiago del Estero,2025,23,0.0,0.029446370262418017,t+2
Santiago del Estero,2025,24,0.0,0.0,t+2
Santiago del Estero,2025,25,0.0,0.0,t+2
Santiago del Estero,2025,26,0.0,0.0,t+2
Santiago del Estero,2025,27,0.0,0.0,t+2
Santiago del Estero,2025,28,0.0,0.0,t+2
Santiago del Estero,2025,29,0.0,0.0,t+2
Santiago del Estero,2025,30,0.0,0.038188847184799715,t+2
Santiago del Estero,2025,31,0.0,0.010535247973179217,t+2
Santiago del Estero,2025,32,0.0,0.023070703587114536,t+2
Santiago del Estero,2025,33,0.0,0.03744445001994598,t+2
Santiago del Estero,2025,34,0.0,0.03548209269411288,t+2
Santiago del Estero,2025,35,0.0,0.025810884876831246,t+2
Santiago del Estero,2025,36,0.0,0.025487355770127146,t+2
Santiago del Estero,2025,37,0.0,0.015150768616532192,t+2
Santiago del Estero,2025,38,0.0,0.01753679879033935,t+2
Santiago del Estero,2025,39,0.0,0.028090186629088562,t+2
Santiago del Estero,2025,40,0.0,0.07843590380255698,t+2
Santiago del Estero,2025,41,0.0,0.07557615054201408,t+2
Santiago del Estero,2025,42,0.0,0.07753017009100789,t+2
Santiago del Estero,2025,43,0.0,0.03733132394867643,t+2
Santiago del Estero,2025,44,0.0,0.007742426735752137,t+2
Santiago del Estero,2025,45,0.0,0.0,t+2
Santiago del Estero,2025,46,0.0,0.0,t+2
Santiago del Estero,2025,47,0.0,0.0,t+2
Santiago del Estero,2025,48,0.0,0.04902130925064031,t+2
Santiago del Estero,2025,49,0.0,0.09494170217311676,t+2
Santiago del Estero,2025,50,0.0,0.05835379825797807,t+2
Santiago del Estero,2025,51,0.0,0.03281604397708861,t+2
Santiago del Estero,2025,52,0.0,0.03190254669061862,t+2
Santiago del Estero,2025,53,0.0,0.051910016472190734,t+2
"Tierra del Fuego, Antártida e Islas del Atlántico Sur",2024,1,0.0,0.1502740675877992,t+2
"Tierra del Fuego, Antártida e Islas del Atlántico Sur",2024,2,0.0,0.2128514717304443,t+2
"Tierra del Fuego, Antártida e Islas del Atlántico Sur",2024,3,0.0,0.30623251345348007,t+2
"Tierra del Fuego, Antártida e Islas del Atlántico Sur",2024,4,0.0,0.3562790176032439,t+2
"Tierra del Fuego, Antártida e Islas del Atlántico Sur",2024,5,0.0,0.4351234932998779,t+2
"Tierra del Fuego, Antártida e Islas del Atlántico Sur",2024,6,0.0,0.5318525259504218,t+2
"Tierra del Fuego, Antártida e Islas del Atlántico Sur",2024,7,0.0,0.6026554480816811,t+2
"Tierra del Fuego, Antártida e Islas del Atlántico Sur",2024,8,0.0,0.6843912081074413,t+2
"Tierra del Fuego, Antártida e Islas del Atlántico Sur",2024,9,0.0,0.7323000422126602,t+2
"Tierra del Fuego, Antártida e Islas del Atlántico Sur",2024,10,0.0,0.7026195370189554,t+2
"Tierra del Fuego, Antártida e Islas del Atlántico Sur",2024,11,0.0,0.745761057921009,t+2
"Tierra del Fuego, Antártida e Islas del Atlántico Sur",2024,12,0.0,0.7456292012112407,t+2
"Tierra del Fuego, Antártida e Islas del Atlántico Sur",2024,13,0.0,0.5308477194126556,t+2
"Tierra del Fuego, Antártida e Islas del Atlántico Sur",2024,14,0.0,0.3400312107091058,t+2
"Tierra del Fuego, Antártida e Islas del Atlántico Sur",2024,15,0.0,0.22890400617577056,t+2
"Tierra del Fuego, Antártida e Islas del Atlántico Sur",2024,16,0.0,0.17479877845710054,t+2
"Tierra del Fuego, Antártida e Islas del Atlántico Sur",2024,17,0.0,0.12298350856919879,t+2
"Tierra del Fuego, Antártida e Islas del Atlántico Sur",2024,18,0.0,0.12821255519126745,t+2
"Tierra del Fuego, Antártida e Islas del Atlántico Sur",2024,19,0.0,0.10426211459141198,t+2
"Tierra del Fuego, Antártida e Islas del Atlántico Sur",2024,20,0.0,0.06153099359007005,t+2
"Tierra del Fuego, Antártida e Islas del Atlántico Sur",2024,21,0.0,0.015446445347381628,t+2
"Tierra del Fuego, Antártida e Islas del Atlántico Sur",2024,22,0.0,0.008797389583256888,t+2
"Tierra del Fuego, Antártida e Islas del Atlántico Sur",2024,23,0.0,0.0008816735090410438,t+2
"Tierra del Fuego, Antártida e Islas del Atlántico Sur",2024,24,0.0,0.0013356439295493312,t+2
"Tierra del Fuego, Antártida e Islas del Atlántico Sur",2024,25,0.0,0.0,t+2
"Tierra del Fuego, Antártida e Islas del Atlántico Sur",2024,26,0.0,0.0,t+2
"Tierra del Fuego, Antártida e Islas del Atlántico Sur",2024,27,0.0,0.0,t+2
"Tierra del Fuego, Antártida e Islas del Atlántico Sur",2024,28,0.0,0.0,t+2
"Tierra del Fuego, Antártida e Islas del Atlántico Sur",2024,29,0.0,0.0,t+2
"Tierra del Fuego, Antártida e Islas del Atlántico Sur",2024,30,0.0,4.263800961610097e-05,t+2
"Tierra del Fuego, Antártida e Islas del Atlántico Sur",2024,31,0.0,0.01921121578981788,t+2
"Tierra del Fuego, Antártida e Islas del Atlántico Sur",2024,32,0.0,0.0256459934873349,t+2
"Tierra del Fuego, Antártida e Islas del Atlántico Sur",2024,33,0.0,0.028306807611388343,t+2
"Tierra del Fuego, Antártida e Islas del Atlántico Sur",2024,34,0.0,0.01983394534674496,t+2
"Tierra del Fuego, Antártida e Islas del Atlántico Sur",2024,35,0.0,0.021942471935384265,t+2
"Tierra del Fuego, Antártida e Islas del Atlántico Sur",2024,36,0.0,0.023977015408279387,t+2
"Tierra del Fuego, Antártida e Islas del Atlántico Sur",2024,37,0.0,0.02722789410913874,t+2
"Tierra del Fuego, Antártida e Islas del Atlántico Sur",2024,38,0.0,0.020802158972922473,t+2
"Tierra del Fuego, Antártida e Islas del Atlántico Sur",2024,39,0.0,0.009475824878535427,t+2
"Tierra del Fuego, Antártida e Islas del Atlántico Sur",2024,40,0.0,0.0,t+2
"Tierra del Fuego, Antártida e Islas del Atlántico Sur",2024,41,0.0,0.0,t+2
"Tierra del Fuego, Antártida e Islas del Atlántico Sur",2024,42,0.0,0.0,t+2
"Tierra del Fuego, Antártida e Islas del Atlántico Sur",2024,43,0.0,0.0,t+2
"Tierra del Fuego, Antártida e Islas del Atlántico Sur",2024,44,0.0,0.00791550791607866,t+2
"Tierra del Fuego, Antártida e Islas del Atlántico Sur",2024,45,0.0,0.019582405492368837,t+2
"Tierra del Fuego, Antártida e Islas del Atlántico Sur",2024,46,0.0,0.025315619137704068,t+2
"Tierra del Fuego, Antártida e Islas del Atlántico Sur",2024,47,0.0,0.02245655619795246,t+2
"Tierra del Fuego, Antártida e Islas del Atlántico Sur",2024,48,0.0,0.013394728702213362,t+2
"Tierra del Fuego, Antártida e Islas del Atlántico Sur",2024,49,0.0,0.006525248946649924,t+2
"Tierra del Fuego, Antártida e Islas del Atlántico Sur",2024,50,0.0,0.0,t+2
"Tierra del Fuego, Antártida e Islas del Atlántico Sur",2024,51,0.0,0.0,t+2
"Tierra del Fuego, Antártida e Islas del Atlántico Sur",2024,52,0.0,0.0,t+2
"Tierra del Fuego, Antártida e Islas del Atlántico Sur",2025,1,0.0,0.0,t+2
"Tierra del Fuego, Antártida e Islas del Atlántico Sur",2025,2,0.0,0.007526071261775962,t+2
"Tierra del Fuego, Antártida e Islas del Atlántico Sur",2025,3,0.0,0.04649059509942626,t+2
"Tierra del Fuego, Antártida e Islas del Atlántico Sur",2025,4,0.0,0.05802235224903088,t+2
"Tierra del Fuego, Antártida e Islas del Atlántico Sur",2025,5,0.0,0.055593395198156884,t+2
"Tierra del Fuego, Antártida e Islas del Atlántico Sur",2025,6,0.0,0.0678025869946075,t+2
"Tierra del Fuego, Antártida e Islas del Atlántico Sur",2025,7,0.0,0.08376134802914348,t+2
"Tierra del Fuego, Antártida e Islas del Atlántico Sur",2025,8,0.0,0.07547415687052596,t+2
"Tierra del Fuego, Antártida e Islas del Atlántico Sur",2025,9,0.0,0.06985513793481836,t+2
"Tierra del Fuego, Antártida e Islas del Atlántico Sur",2025,10,0.0,0.06073017044740419,t+2
"Tierra del Fuego, Antártida e Islas del Atlántico Sur",2025,11,0.0,0.0530207888805238,t+2
"Tierra del Fuego, Antártida e Islas del Atlántico Sur",2025,12,0.0,0.06461316276476464,t+2
"Tierra del Fuego, Antártida e Islas del Atlántico Sur",2025,13,0.0,0.06603012273523107,t+2
"Tierra del Fuego, Antártida e Islas del Atlántico Sur",2025,14,0.0,0.04756715207346324,t+2
"Tierra del Fuego, Antártida e Islas del Atlántico Sur",2025,15,0.0,0.038386791339874556,t+2
"Tierra del Fuego, Antártida e Islas del Atlántico Sur",2025,16,0.0,0.016831648847745975,t+2
"Tierra del Fuego, Antártida e Islas del Atlántico Sur",2025,17,0.0,0.011071166755447323,t+2
"Tierra del Fuego, Antártida e Islas del Atlántico Sur",2025,18,0.0,0.018736694663883353,t+2
"Tierra del Fuego, Antártida e Islas del Atlántico Sur",2025,19,0.0,0.03421978986753978,t+2
"Tierra del Fuego, Antártida e Islas del Atlántico Sur",2025,20,0.0,0.04646612778560003,t+2
"Tierra del Fuego, Antártida e Islas del Atlántico Sur",2025,21,0.0,0.025320204870260696,t+2
"Tierra del Fuego, Antártida e Islas del Atlántico Sur",2025,22,0.0,0.004717636893918976,t+2
"Tierra del Fuego, Antártida e Islas del Atlántico Sur",2025,23,0.0,0.0,t+2
"Tierra del Fuego, Antártida e Islas del Atlántico Sur",2025,24,0.0,0.0,t+2
"Tierra del Fuego, Antártida e Islas del Atlántico Sur",2025,25,0.0,0.0,t+2
"Tierra del Fuego, Antártida e Islas del Atlántico Sur",2025,26,0.0,0.009664402918336309,t+2
"Tierra del Fuego, Antártida e Islas del Atlántico Sur",2025,27,0.0,0.007948896251235377,t+2
"Tierra del Fuego, Antártida e Islas del Atlántico Sur",2025,28,0.0,0.0005277332868125896,t+2
"Tierra del Fuego, Antártida e Islas del Atlántico Sur",2025,29,0.0,0.0014623235172905745,t+2
"Tierra del Fuego, Antártida e Islas del Atlántico Sur",2025,30,0.0,0.003349884571937362,t+2
"Tierra del Fuego, Antártida e Islas del Atlántico Sur",2025,31,0.0,0.009696711041684373,t+2
"Tierra del Fuego, Antártida e Islas del Atlántico Sur",2025,32,0.0,0.013300547468390633,t+2
"Tierra del Fuego, Antártida e Islas del Atlántico Sur",2025,33,0.0,0.020843175383308578,t+2
"Tierra del Fuego, Antártida e Islas del Atlántico Sur",2025,34,0.0,0.019286673411158833,t+2
"Tierra del Fuego, Antártida e Islas del Atlántico Sur",2025,35,0.0,0.022023817628019613,t+2
"Tierra del Fuego, Antártida e Islas del Atlántico Sur",2025,36,0.0,0.02712936471030112,t+2
"Tierra del Fuego, Antártida e Islas del Atlántico Sur",2025,37,0.0,0.028230158795071767,t+2
"Tierra del Fuego, Antártida e Islas del Atlántico Sur",2025,38,0.0,0.027191514072069593,t+2
"Tierra del Fuego, Antártida e Islas del Atlántico Sur",2025,39,0.0,0.03214714281620097,t+2
"Tierra del Fuego, Antártida e Islas del Atlántico Sur",2025,40,0.0,0.03237445377103695,t+2
"Tierra del Fuego, Antártida e Islas del Atlántico Sur",2025,41,0.0,0.02956466374762029,t+2
"Tierra del Fuego, Antártida e Islas del Atlántico Sur",2025,42,0.0,0.02315370163949872,t+2
"Tierra del Fuego, Antártida e Islas del Atlántico Sur",2025,43,0.0,0.02087205489439522,t+2
"Tierra del Fuego, Antártida e Islas del Atlántico Sur",2025,44,0.0,0.025058105386326184,t+2
"Tierra del Fuego, Antártida e Islas del Atlántico Sur",2025,45,0.0,0.026878415157367035,t+2
"Tierra del Fuego, Antártida e Islas del Atlántico Sur",2025,46,0.0,0.023173791826086476,t+2
"Tierra del Fuego, Antártida e Islas del Atlántico Sur",2025,47,0.0,0.019426707315414987,t+2
"Tierra del Fuego, Antártida e Islas del Atlántico Sur",2025,48,0.0,0.02522167205828981,t+2
"Tierra del Fuego, Antártida e Islas del Atlántico Sur",2025,49,0.0,0.02532587182012729,t+2
"Tierra del Fuego, Antártida e Islas del Atlántico Sur",2025,50,0.0,0.013493451527253614,t+2
"Tierra del Fuego, Antártida e Islas del Atlántico Sur",2025,51,0.0,0.004515372285646682,t+2
"Tierra del Fuego, Antártida e Islas del Atlántico Sur",2025,52,0.0,0.0075961939256519815,t+2
"Tierra del Fuego, Antártida e Islas del Atlántico Sur",2025,53,0.0,0.0065321661897228414,t+2
Tucumán,2024,1,24.0,2.1430956055863772,t+2
Tucumán,2024,2,37.0,11.80812206917261,t+2
Tucumán,2024,3,57.0,77.39557867278715,t+2
Tucumán,2024,4,114.0,212.28844271818048,t+2
Tucumán,2024,5,221.0,282.5735662197434,t+2
Tucumán,2024,6,425.0,323.0049263482033,t+2
Tucumán,2024,7,1216.0,361.48425771875736,t+2
Tucumán,2024,8,1567.0,426.60664220758184,t+2
Tucumán,2024,9,2348.0,494.9068587544707,t+2
Tucumán,2024,10,4633.0,530.6650308446622,t+2
Tucumán,2024,11,6366.0,558.7308039391045,t+2
Tucumán,2024,12,10726.0,595.6669086650234,t+2
Tucumán,2024,13,10714.0,615.0522482051296,t+2
Tucumán,2024,14,10622.0,621.0024839457045,t+2
Tucumán,2024,15,9599.0,615.5718062241793,t+2
Tucumán,2024,16,9128.0,614.2631722494468,t+2
Tucumán,2024,17,6270.0,597.9972445109189,t+2
Tucumán,2024,18,4258.0,581.1599827342683,t+2
Tucumán,2024,19,2285.0,554.0026588202683,t+2
Tucumán,2024,20,1284.0,506.56587118934635,t+2
Tucumán,2024,21,609.0,437.3660193260264,t+2
Tucumán,2024,22,125.0,322.0459291464372,t+2
Tucumán,2024,23,30.0,222.69706457498884,t+2
Tucumán,2024,24,24.0,86.38670964834246,t+2
Tucumán,2024,25,9.0,19.60688690811089,t+2
Tucumán,2024,26,43.0,5.625424367461776,t+2
Tucumán,2024,27,0.0,1.9496559004354292,t+2
Tucumán,2024,28,0.0,2.4465571999419966,t+2
Tucumán,2024,29,0.0,0.6592786694648416,t+2
Tucumán,2024,30,0.0,0.1554869917424365,t+2
Tucumán,2024,31,0.0,0.028560873854624243,t+2
Tucumán,2024,32,0.0,0.01259431987712729,t+2
Tucumán,2024,33,0.0,0.008376958633307051,t+2
Tucumán,2024,34,0.0,0.009653095319399188,t+2
Tucumán,2024,35,1.0,0.009895134958752074,t+2
Tucumán,2024,36,0.0,0.02791367839108042,t+2
Tucumán,2024,37,0.0,0.0917889977232227,t+2
Tucumán,2024,38,0.0,0.09867320539942097,t+2
Tucumán,2024,39,0.0,0.09556815589526266,t+2
Tucumán,2024,40,0.0,0.07596696811151271,t+2
Tucumán,2024,41,0.0,0.06648859077379891,t+2
Tucumán,2024,42,0.0,0.04610105058199764,t+2
Tucumán,2024,43,0.0,0.054658371399266444,t+2
Tucumán,2024,44,0.0,0.0978053613005044,t+2
Tucumán,2024,45,1.0,0.108927433299966,t+2
Tucumán,2024,46,0.0,0.09252062452386377,t+2
Tucumán,2024,47,0.0,0.3024302765426577,t+2
Tucumán,2024,48,0.0,0.22427055903259357,t+2
Tucumán,2024,49,0.0,0.17547401996717601,t+2
Tucumán,2024,50,1.0,0.2193291936752962,t+2
Tucumán,2024,51,0.0,0.2002976659052029,t+2
Tucumán,2024,52,0.0,0.4369478307207854,t+2
Tucumán,2025,1,2.0,0.45207926055956976,t+2
Tucumán,2025,2,0.0,0.4689562103560576,t+2
Tucumán,2025,3,6.0,1.0092745999929786,t+2
Tucumán,2025,4,9.0,1.1367740687844892,t+2
Tucumán,2025,5,8.0,2.831470146864352,t+2
Tucumán,2025,6,27.0,10.237780992844472,t+2
Tucumán,2025,7,32.0,31.350734085123083,t+2
Tucumán,2025,8,76.0,77.76611771640675,t+2
Tucumán,2025,9,70.0,111.23763797863123,t+2
Tucumán,2025,10,139.0,170.91312884315215,t+2
Tucumán,2025,11,242.0,189.03221444972849,t+2
Tucumán,2025,12,125.0,205.4238894915831,t+2
Tucumán,2025,13,159.0,245.1030271868594,t+2
Tucumán,2025,14,163.0,233.5680492321251,t+2
Tucumán,2025,15,67.0,227.38276840714775,t+2
Tucumán,2025,16,80.0,197.57616656954463,t+2
Tucumán,2025,17,91.0,113.22472124557525,t+2
Tucumán,2025,18,60.0,84.26311915110321,t+2
Tucumán,2025,19,63.0,83.89245943127062,t+2
Tucumán,2025,20,69.0,52.32952391344854,t+2
Tucumán,2025,21,82.0,34.48237355825052,t+2
Tucumán,2025,22,42.0,30.334411190233617,t+2
Tucumán,2025,23,10.0,23.753911325111062,t+2
Tucumán,2025,24,5.0,11.466156269799706,t+2
Tucumán,2025,25,4.0,3.470113719278195,t+2
Tucumán,2025,26,0.0,1.4772017687709416,t+2
Tucumán,2025,27,0.0,0.7566577952466048,t+2
Tucumán,2025,28,0.0,0.19498510061635854,t+2
Tucumán,2025,29,0.0,0.010429501814815527,t+2
Tucumán,2025,30,0.0,0.05727253786922443,t+2
Tucumán,2025,31,0.0,0.0,t+2
Tucumán,2025,32,0.0,0.0,t+2
Tucumán,2025,33,0.0,0.0,t+2
Tucumán,2025,34,0.0,0.0,t+2
Tucumán,2025,35,0.0,0.0,t+2
Tucumán,2025,36,0.0,0.0,t+2
Tucumán,2025,37,0.0,0.0,t+2
Tucumán,2025,38,0.0,0.0,t+2
Tucumán,2025,39,0.0,0.0,t+2
Tucumán,2025,40,0.0,0.020805982152386666,t+2
Tucumán,2025,41,0.0,0.01881500673167063,t+2
Tucumán,2025,42,0.0,0.020558952530954404,t+2
Tucumán,2025,43,0.0,0.0,t+2
Tucumán,2025,44,0.0,0.0,t+2
Tucumán,2025,45,0.0,0.0,t+2
Tucumán,2025,46,0.0,0.0024735305507310556,t+2
Tucumán,2025,47,0.0,0.02384759952006989,t+2
Tucumán,2025,48,0.0,0.07164156045759096,t+2
Tucumán,2025,49,0.0,0.05902635922554137,t+2
Tucumán,2025,50,0.0,0.03883310638214693,t+2
Tucumán,2025,51,0.0,0.04377308896417896,t+2
Tucumán,2025,52,0.0,0.05612801727587912,t+2
Tucumán,2025,53,0.0,0.06536055160068714,t+2
Buenos Aires,2024,1,166.0,148.82595044519908,t+4
Buenos Aires,2024,2,310.0,197.90014368794562,t+4
Buenos Aires,2024,3,307.0,246.21373839947796,t+4
Buenos Aires,2024,4,416.0,284.4816794838023,t+4
Buenos Aires,2024,5,685.0,328.04506925152117,t+4
Buenos Aires,2024,6,1676.0,363.9186754545287,t+4
Buenos Aires,2024,7,4069.0,375.5932014805908,t+4
Buenos Aires,2024,8,7290.0,377.5462446947095,t+4
Buenos Aires,2024,9,9911.0,387.0395638590626,t+4
Buenos Aires,2024,10,12889.0,420.54773668895825,t+4
Buenos Aires,2024,11,15000.0,438.18953887054494,t+4
Buenos Aires,2024,12,16073.0,440.2060822953367,t+4
Buenos Aires,2024,13,12654.0,443.2164820422523,t+4
Buenos Aires,2024,14,11091.0,442.10786794795416,t+4
Buenos Aires,2024,15,6505.0,451.68568404776556,t+4
Buenos Aires,2024,16,4311.0,455.1319920561343,t+4
Buenos Aires,2024,17,2941.0,433.8272153693309,t+4
Buenos Aires,2024,18,1583.0,407.8921323906695,t+4
Buenos Aires,2024,19,813.0,370.7077417718353,t+4
Buenos Aires,2024,20,444.0,357.4570915151416,t+4
Buenos Aires,2024,21,180.0,330.2992404716876,t+4
Buenos Aires,2024,22,64.0,252.66495162399792,t+4
Buenos Aires,2024,23,24.0,162.534715909481,t+4
Buenos Aires,2024,24,21.0,87.73518277446092,t+4
Buenos Aires,2024,25,11.0,35.45164282641604,t+4
Buenos Aires,2024,26,6.0,9.870620247620785,t+4
Buenos Aires,2024,27,0.0,2.3392493001447634,t+4
Buenos Aires,2024,28,1.0,1.0465685085718466,t+4
Buenos Aires,2024,29,0.0,0.7748630561322182,t+4
Buenos Aires,2024,30,0.0,0.5765299138677296,t+4
Buenos Aires,2024,31,0.0,0.17119647677262953,t+4
Buenos Aires,2024,32,0.0,0.0418894534485987,t+4
Buenos Aires,2024,33,0.0,0.0,t+4
Buenos Aires,2024,34,1.0,0.0,t+4
Buenos Aires,2024,35,0.0,0.0041497774330636165,t+4
Buenos Aires,2024,36,1.0,0.01581271801201938,t+4
Buenos Aires,2024,37,0.0,0.00660613608373176,t+4
Buenos Aires,2024,38,0.0,0.05821395801517139,t+4
Buenos Aires,2024,39,0.0,0.058288416603902576,t+4
Buenos Aires,2024,40,0.0,0.10843153629026057,t+4
Buenos Aires,2024,41,0.0,0.09708758827386134,t+4
Buenos Aires,2024,42,2.0,0.0789700501526443,t+4
Buenos Aires,2024,43,1.0,0.06640932859011087,t+4
Buenos Aires,2024,44,1.0,0.03504677688636906,t+4
Buenos Aires,2024,45,2.0,0.01819045582270043,t+4
Buenos Aires,2024,46,0.0,0.16768510494368366,t+4
Buenos Aires,2024,47,1.0,0.35484065755870214,t+4
Buenos Aires,2024,48,1.0,0.5599155645231345,t+4
Buenos Aires,2024,49,4.0,0.8850170516087925,t+4
Buenos Aires,2024,50,2.0,0.8078262604956161,t+4
Buenos Aires,2024,51,1.0,0.8891955068268846,t+4
Buenos Aires,2024,52,0.0,1.2250768724482823,t+4
Buenos Aires,2025,1,0.0,2.418758988140216,t+4
Buenos Aires,2025,2,2.0,3.995737398832111,t+4
Buenos Aires,2025,3,1.0,4.5930317902565205,t+4
Buenos Aires,2025,4,2.0,3.2321489352028396,t+4
Buenos Aires,2025,5,3.0,1.9176284600160858,t+4
Buenos Aires,2025,6,6.0,1.7852925431410318,t+4
Buenos Aires,2025,7,9.0,1.9232921620338543,t+4
Buenos Aires,2025,8,16.0,2.753698808393254,t+4
Buenos Aires,2025,9,15.0,4.489545749654266,t+4
Buenos Aires,2025,10,26.0,9.601911879349226,t+4
Buenos Aires,2025,11,58.0,22.636658198913686,t+4
Buenos Aires,2025,12,47.0,46.409081170491866,t+4
Buenos Aires,2025,13,61.0,70.39381950486349,t+4
Buenos Aires,2025,14,70.0,103.07639938843319,t+4
Buenos Aires,2025,15,46.0,125.936763124679,t+4
Buenos Aires,2025,16,46.0,106.89780005285337,t+4
Buenos Aires,2025,17,35.0,88.2323260556266,t+4
Buenos Aires,2025,18,33.0,69.42565421429705,t+4
Buenos Aires,2025,19,21.0,44.423978757671115,t+4
Buenos Aires,2025,20,11.0,23.303998534166418,t+4
Buenos Aires,2025,21,9.0,10.863844535664011,t+4
Buenos Aires,2025,22,0.0,4.637890048733342,t+4
Buenos Aires,2025,23,2.0,2.288185049566741,t+4
Buenos Aires,2025,24,2.0,1.5141613333477997,t+4
Buenos Aires,2025,25,0.0,0.9511095153124589,t+4
Buenos Aires,2025,26,1.0,0.15435325430720365,t+4
Buenos Aires,2025,27,1.0,0.022263618847625417,t+4
Buenos Aires,2025,28,1.0,0.06376560838986745,t+4
Buenos Aires,2025,29,0.0,0.009217151797304025,t+4
Buenos Aires,2025,30,0.0,0.02567616502638629,t+4
Buenos Aires,2025,31,1.0,0.07371183684543556,t+4
Buenos Aires,2025,32,0.0,0.16902732865510015,t+4
Buenos Aires,2025,33,0.0,0.16718041777434986,t+4
Buenos Aires,2025,34,0.0,0.1261983632114076,t+4
Buenos Aires,2025,35,1.0,0.17758216422211343,t+4
Buenos Aires,2025,36,0.0,0.12627011089663653,t+4
Buenos Aires,2025,37,0.0,0.07914940031345805,t+4
Buenos Aires,2025,38,0.0,0.061155335945081594,t+4
Buenos Aires,2025,39,0.0,0.11713568469110858,t+4
Buenos Aires,2025,40,0.0,0.10569493698818196,t+4
Buenos Aires,2025,41,0.0,0.07386415075308461,t+4
Buenos Aires,2025,42,0.0,0.07317857658552776,t+4
Buenos Aires,2025,43,1.0,0.03270999403461529,t+4
Buenos Aires,2025,44,1.0,0.030511988237470707,t+4
Buenos Aires,2025,45,0.0,0.02458570532066944,t+4
Buenos Aires,2025,46,0.0,0.01634858996914232,t+4
Buenos Aires,2025,47,1.0,0.12521949691444834,t+4
Buenos Aires,2025,48,0.0,0.22937612821479417,t+4
Buenos Aires,2025,49,0.0,0.2661077943310858,t+4
Buenos Aires,2025,50,0.0,0.24209946425928724,t+4
Buenos Aires,2025,51,1.0,0.3546751269371437,t+4
Buenos Aires,2025,52,0.0,0.41564684064848306,t+4
Buenos Aires,2025,53,0.0,0.46074215118063505,t+4
Catamarca,2024,1,2.0,3.825765714074046,t+4
Catamarca,2024,2,6.0,6.615011915977853,t+4
Catamarca,2024,3,32.0,11.673330564831215,t+4
Catamarca,2024,4,124.0,27.114533906630015,t+4
Catamarca,2024,5,321.0,62.18584150166956,t+4
Catamarca,2024,6,659.0,119.2984818356809,t+4
Catamarca,2024,7,1001.0,209.2825560315048,t+4
Catamarca,2024,8,1026.0,299.57104989956605,t+4
Catamarca,2024,9,886.0,352.24253111364015,t+4
Catamarca,2024,10,1094.0,386.0574117924048,t+4
Catamarca,2024,11,916.0,396.3694201507401,t+4
Catamarca,2024,12,962.0,392.12526795851795,t+4
Catamarca,2024,13,702.0,383.67174787868385,t+4
Catamarca,2024,14,1045.0,381.24541011317376,t+4
Catamarca,2024,15,892.0,367.4278655035238,t+4
Catamarca,2024,16,500.0,348.1890129343364,t+4
Catamarca,2024,17,301.0,319.1078927320575,t+4
Catamarca,2024,18,213.0,304.07853061497656,t+4
Catamarca,2024,19,125.0,285.02597611953564,t+4
Catamarca,2024,20,37.0,226.18107188763454,t+4
Catamarca,2024,21,6.0,165.5557528963703,t+4
Catamarca,2024,22,4.0,106.06382709818033,t+4
Catamarca,2024,23,3.0,52.83218029858416,t+4
Catamarca,2024,24,1.0,13.695687250021285,t+4
Catamarca,2024,25,0.0,1.4824955667817161,t+4
Catamarca,2024,26,0.0,0.013218275017347755,t+4
Catamarca,2024,27,0.0,0.0,t+4
Catamarca,2024,28,0.0,0.0,t+4
Catamarca,2024,29,0.0,0.0,t+4
Catamarca,2024,30,0.0,0.0,t+4
Catamarca,2024,31,0.0,0.0,t+4
Catamarca,2024,32,0.0,0.0,t+4
Catamarca,2024,33,0.0,0.0,t+4
Catamarca,2024,34,0.0,0.0,t+4
Catamarca,2024,35,0.0,0.0,t+4
Catamarca,2024,36,0.0,0.0,t+4
Catamarca,2024,37,0.0,0.0,t+4
Catamarca,2024,38,0.0,0.0,t+4
Catamarca,2024,39,0.0,0.0,t+4
Catamarca,2024,40,0.0,0.0,t+4
Catamarca,2024,41,0.0,0.0,t+4
Catamarca,2024,42,0.0,0.0,t+4
Catamarca,2024,43,0.0,0.0,t+4
Catamarca,2024,44,0.0,0.0,t+4
Catamarca,2024,45,0.0,0.0,t+4
Catamarca,2024,46,0.0,0.0,t+4
Catamarca,2024,47,0.0,0.0,t+4
Catamarca,2024,48,0.0,0.0,t+4
Catamarca,2024,49,0.0,0.027209741280716175,t+4
Catamarca,2024,50,0.0,0.04398671279055536,t+4
Catamarca,2024,51,0.0,0.09591937358981982,t+4
Catamarca,2024,52,0.0,0.21695278949219723,t+4
Catamarca,2025,1,0.0,0.3044242518674152,t+4
Catamarca,2025,2,0.0,0.3775740126600356,t+4
Catamarca,2025,3,2.0,0.4382393247058537,t+4
Catamarca,2025,4,0.0,0.5354142717492597,t+4
Catamarca,2025,5,1.0,0.671766400114134,t+4
Catamarca,2025,6,0.0,0.8762894025821097,t+4
Catamarca,2025,7,0.0,1.840053307762365,t+4
Catamarca,2025,8,0.0,3.0417370856955994,t+4
Catamarca,2025,9,1.0,5.742318500466841,t+4
Catamarca,2025,10,2.0,7.157830334461694,t+4
Catamarca,2025,11,3.0,6.490264738112012,t+4
Catamarca,2025,12,1.0,5.042678844185203,t+4
Catamarca,2025,13,0.0,5.2186709809513125,t+4
Catamarca,2025,14,3.0,6.685040911698706,t+4
Catamarca,2025,15,1.0,8.194563705040624,t+4
Catamarca,2025,16,0.0,6.139211830661832,t+4
Catamarca,2025,17,0.0,2.414783313022825,t+4
Catamarca,2025,18,0.0,1.2360259449679578,t+4
Catamarca,2025,19,0.0,0.5876936266772563,t+4
Catamarca,2025,20,1.0,0.13227851392682324,t+4
Catamarca,2025,21,1.0,0.0,t+4
Catamarca,2025,22,0.0,0.0,t+4
Catamarca,2025,23,0.0,0.0,t+4
Catamarca,2025,24,0.0,0.0,t+4
Catamarca,2025,25,1.0,0.0539619489652716,t+4
Catamarca,2025,26,0.0,0.0,t+4
Catamarca,2025,27,0.0,0.0,t+4
Catamarca,2025,28,0.0,0.0,t+4
Catamarca,2025,29,0.0,0.0,t+4
Catamarca,2025,30,0.0,0.0,t+4
Catamarca,2025,31,0.0,0.0,t+4
Catamarca,2025,32,0.0,0.0,t+4
Catamarca,2025,33,0.0,0.0,t+4
Catamarca,2025,34,0.0,0.0,t+4
Catamarca,2025,35,0.0,0.0,t+4
Catamarca,2025,36,0.0,0.0,t+4
Catamarca,2025,37,0.0,0.0,t+4
Catamarca,2025,38,0.0,0.0,t+4
Catamarca,2025,39,0.0,0.0,t+4
Catamarca,2025,40,0.0,0.0,t+4
Catamarca,2025,41,0.0,0.0,t+4
Catamarca,2025,42,0.0,0.0,t+4
Catamarca,2025,43,0.0,0.0,t+4
Catamarca,2025,44,0.0,0.0,t+4
Catamarca,2025,45,0.0,0.0,t+4
Catamarca,2025,46,0.0,0.0,t+4
Catamarca,2025,47,0.0,0.0,t+4
Catamarca,2025,48,0.0,0.0,t+4
Catamarca,2025,49,0.0,0.0,t+4
Catamarca,2025,50,0.0,0.0,t+4
Catamarca,2025,51,0.0,0.0,t+4
Catamarca,2025,52,0.0,0.0,t+4
Catamarca,2025,53,0.0,0.024703812868214402,t+4
Chaco,2024,1,1844.0,377.03300769106863,t+4
Chaco,2024,2,2247.0,393.7600869815314,t+4
Chaco,2024,3,2266.0,408.95783277723814,t+4
Chaco,2024,4,2612.0,420.26775240762805,t+4
Chaco,2024,5,1972.0,423.07425680642507,t+4
Chaco,2024,6,1813.0,434.9658370730737,t+4
Chaco,2024,7,990.0,435.7337732065196,t+4
Chaco,2024,8,978.0,430.4173649329258,t+4
Chaco,2024,9,668.0,422.57666501823655,t+4
Chaco,2024,10,497.0,423.42672147039093,t+4
Chaco,2024,11,621.0,415.6786465748426,t+4
Chaco,2024,12,773.0,405.0259130706492,t+4
Chaco,2024,13,462.0,403.14312111971566,t+4
Chaco,2024,14,442.0,400.50332347964087,t+4
Chaco,2024,15,469.0,391.36757775019106,t+4
Chaco,2024,16,481.0,386.7450628996953,t+4
Chaco,2024,17,519.0,352.25630071301254,t+4
Chaco,2024,18,475.0,334.4966319518356,t+4
Chaco,2024,19,432.0,334.53313410182767,t+4
Chaco,2024,20,333.0,317.25057884978446,t+4
Chaco,2024,21,132.0,294.2639802459647,t+4
Chaco,2024,22,92.0,253.63032935848454,t+4
Chaco,2024,23,60.0,200.12700871755194,t+4
Chaco,2024,24,98.0,134.2499206836638,t+4
Chaco,2024,25,70.0,67.10090139805608,t+4
Chaco,2024,26,66.0,24.979982648434316,t+4
Chaco,2024,27,2.0,8.517242817886263,t+4
Chaco,2024,28,0.0,4.811279954594699,t+4
Chaco,2024,29,0.0,3.8624683263063284,t+4
Chaco,2024,30,0.0,3.129477967038743,t+4
Chaco,2024,31,0.0,0.8303436528907427,t+4
Chaco,2024,32,1.0,0.0,t+4
Chaco,2024,33,0.0,0.0,t+4
Chaco,2024,34,0.0,0.0,t+4
Chaco,2024,35,0.0,0.0,t+4
Chaco,2024,36,0.0,0.0,t+4
Chaco,2024,37,0.0,0.03360357248300071,t+4
Chaco,2024,38,0.0,0.035467521485734836,t+4
Chaco,2024,39,0.0,0.006667848922334321,t+4
Chaco,2024,40,0.0,0.0016272968138628576,t+4
Chaco,2024,41,0.0,0.007916607404564967,t+4
Chaco,2024,42,0.0,0.03077551971818431,t+4
Chaco,2024,43,0.0,0.056152825704087105,t+4
Chaco,2024,44,0.0,0.06010297582095417,t+4
Chaco,2024,45,0.0,0.07775450414332535,t+4
Chaco,2024,46,0.0,0.12291764578632451,t+4
Chaco,2024,47,0.0,0.16529195442249367,t+4
Chaco,2024,48,0.0,0.18934297439006634,t+4
Chaco,2024,49,0.0,0.3083470766798667,t+4
Chaco,2024,50,0.0,0.3898848070213446,t+4
Chaco,2024,51,0.0,0.5425670231801013,t+4
Chaco,2024,52,0.0,0.9502291346778172,t+4
Chaco,2025,1,0.0,1.6522838227995704,t+4
Chaco,2025,2,0.0,2.508306547087633,t+4
Chaco,2025,3,0.0,3.3035536107248604,t+4
Chaco,2025,4,0.0,3.6995781056280084,t+4
Chaco,2025,5,0.0,3.7258915728816477,t+4
Chaco,2025,6,0.0,3.2525203150580104,t+4
Chaco,2025,7,1.0,2.5715164690985874,t+4
Chaco,2025,8,1.0,2.1434128865670306,t+4
Chaco,2025,9,0.0,2.1099356297659453,t+4
Chaco,2025,10,0.0,2.1231867761153254,t+4
Chaco,2025,11,1.0,2.82351633017774,t+4
Chaco,2025,12,1.0,4.288000269203369,t+4
Chaco,2025,13,0.0,4.5978676386361395,t+4
Chaco,2025,14,2.0,2.983990240404667,t+4
Chaco,2025,15,0.0,1.9031317295322805,t+4
Chaco,2025,16,0.0,1.462117189594217,t+4
Chaco,2025,17,0.0,1.0465024646722925,t+4
Chaco,2025,18,0.0,1.0868702537249486,t+4
Chaco,2025,19,1.0,0.6821356514886715,t+4
Chaco,2025,20,4.0,0.26419606400593504,t+4
Chaco,2025,21,3.0,0.04044688493690286,t+4
Chaco,2025,22,0.0,0.0,t+4
Chaco,2025,23,0.0,0.15437025403704072,t+4
Chaco,2025,24,0.0,0.6950113465199441,t+4
Chaco,2025,25,0.0,1.2839282822501925,t+4
Chaco,2025,26,0.0,0.6897397324650171,t+4
Chaco,2025,27,0.0,0.2046164910216896,t+4
Chaco,2025,28,0.0,0.0,t+4
Chaco,2025,29,0.0,0.0,t+4
Chaco,2025,30,0.0,0.0,t+4
Chaco,2025,31,0.0,0.0,t+4
Chaco,2025,32,0.0,0.0,t+4
Chaco,2025,33,0.0,0.0,t+4
Chaco,2025,34,0.0,0.020939839578068668,t+4
Chaco,2025,35,0.0,0.058446855746727346,t+4
Chaco,2025,36,0.0,0.04485194136174181,t+4
Chaco,2025,37,0.0,0.02414655411890009,t+4
Chaco,2025,38,0.0,0.024064518156443494,t+4
Chaco,2025,39,0.0,0.007554171032732195,t+4
Chaco,2025,40,0.0,0.005835922512882643,t+4
Chaco,2025,41,0.0,0.022329451373234072,t+4
Chaco,2025,42,0.0,0.08122816563231892,t+4
Chaco,2025,43,0.0,0.09055726534110832,t+4
Chaco,2025,44,0.0,0.11120852556515516,t+4
Chaco,2025,45,0.0,0.10292434735061844,t+4
Chaco,2025,46,0.0,0.10385568114432554,t+4
Chaco,2025,47,0.0,0.13131620625756704,t+4
Chaco,2025,48,0.0,0.15645072611629296,t+4
Chaco,2025,49,0.0,0.17994936820828109,t+4
Chaco,2025,50,0.0,0.2836520262862181,t+4
Chaco,2025,51,0.0,0.33374265804809355,t+4
Chaco,2025,52,0.0,0.4310460055096381,t+4
Chaco,2025,53,0.0,0.5435610316246389,t+4
Chubut,2024,1,0.0,0.04414433962976279,t+4
Chubut,2024,2,2.0,0.17873858713455892,t+4
Chubut,2024,3,2.0,0.664631139555631,t+4
Chubut,2024,4,3.0,1.0941308672262662,t+4
Chubut,2024,5,2.0,1.5458040479340613,t+4
Chubut,2024,6,3.0,2.8133251460306714,t+4
Chubut,2024,7,3.0,5.401275572245377,t+4
Chubut,2024,8,3.0,10.746426904776836,t+4
Chubut,2024,9,3.0,16.971650476499935,t+4
Chubut,2024,10,2.0,21.70173432245713,t+4
Chubut,2024,11,9.0,20.020192407072933,t+4
Chubut,2024,12,4.0,14.956452708463797,t+4
Chubut,2024,13,4.0,10.775104583853887,t+4
Chubut,2024,14,10.0,5.8359141420505605,t+4
Chubut,2024,15,3.0,4.431204686691191,t+4
Chubut,2024,16,3.0,3.09685208987474,t+4
Chubut,2024,17,1.0,2.106657957661394,t+4
Chubut,2024,18,0.0,1.9983533202714163,t+4
Chubut,2024,19,1.0,1.2343305475703528,t+4
Chubut,2024,20,2.0,0.7339487103919102,t+4
Chubut,2024,21,0.0,0.24637820089967322,t+4
Chubut,2024,22,2.0,0.0,t+4
Chubut,2024,23,0.0,0.0,t+4
Chubut,2024,24,1.0,0.0,t+4
Chubut,2024,25,0.0,0.0,t+4
Chubut,2024,26,0.0,0.00927241888153436,t+4
Chubut,2024,27,0.0,0.011443327133084883,t+4
Chubut,2024,28,0.0,0.058101683600353296,t+4
Chubut,2024,29,0.0,0.0343202405493045,t+4
Chubut,2024,30,0.0,0.0,t+4
Chubut,2024,31,0.0,0.0,t+4
Chubut,2024,32,0.0,0.0,t+4
Chubut,2024,33,0.0,0.0,t+4
Chubut,2024,34,0.0,0.0,t+4
Chubut,2024,35,0.0,0.0,t+4
Chubut,2024,36,0.0,0.0,t+4
Chubut,2024,37,0.0,0.0,t+4
Chubut,2024,38,0.0,0.0,t+4
Chubut,2024,39,0.0,0.0,t+4
Chubut,2024,40,0.0,0.0,t+4
Chubut,2024,41,0.0,0.0,t+4
Chubut,2024,42,0.0,0.0,t+4
Chubut,2024,43,0.0,0.0,t+4
Chubut,2024,44,0.0,0.0,t+4
Chubut,2024,45,0.0,0.0,t+4
Chubut,2024,46,0.0,0.0,t+4
Chubut,2024,47,1.0,0.0,t+4
Chubut,2024,48,0.0,0.0,t+4
Chubut,2024,49,0.0,0.0,t+4
Chubut,2024,50,0.0,0.0,t+4
Chubut,2024,51,0.0,0.0,t+4
Chubut,2024,52,0.0,0.0,t+4
Chubut,2025,1,0.0,0.0,t+4
Chubut,2025,2,0.0,0.0,t+4
Chubut,2025,3,0.0,0.0,t+4
Chubut,2025,4,0.0,0.0,t+4
Chubut,2025,5,0.0,0.0,t+4
Chubut,2025,6,0.0,0.000736472646673728,t+4
Chubut,2025,7,0.0,0.009894951350873931,t+4
Chubut,2025,8,0.0,0.014011729027008871,t+4
Chubut,2025,9,0.0,0.04082376482710275,t+4
Chubut,2025,10,0.0,0.01818990047467849,t+4
Chubut,2025,11,0.0,0.0004567201660363157,t+4
Chubut,2025,12,1.0,0.0,t+4
Chubut,2025,13,1.0,0.0,t+4
Chubut,2025,14,1.0,0.0,t+4
Chubut,2025,15,1.0,0.0,t+4
Chubut,2025,16,0.0,0.04416077944455772,t+4
Chubut,2025,17,0.0,0.1636537099998816,t+4
Chubut,2025,18,0.0,0.22664646699036486,t+4
Chubut,2025,19,0.0,0.2929214608587817,t+4
Chubut,2025,20,0.0,0.17751851553315423,t+4
Chubut,2025,21,0.0,0.042775807674740936,t+4
Chubut,2025,22,0.0,0.0,t+4
Chubut,2025,23,0.0,0.0,t+4
Chubut,2025,24,0.0,0.0,t+4
Chubut,2025,25,0.0,0.0,t+4
Chubut,2025,26,0.0,0.0,t+4
Chubut,2025,27,0.0,0.0,t+4
Chubut,2025,28,0.0,0.0,t+4
Chubut,2025,29,0.0,0.0,t+4
Chubut,2025,30,0.0,0.0,t+4
Chubut,2025,31,0.0,0.0,t+4
Chubut,2025,32,0.0,0.0,t+4
Chubut,2025,33,0.0,0.0,t+4
Chubut,2025,34,0.0,0.0,t+4
Chubut,2025,35,0.0,0.0,t+4
Chubut,2025,36,0.0,0.0,t+4
Chubut,2025,37,0.0,0.0,t+4
Chubut,2025,38,0.0,0.0,t+4
Chubut,2025,39,0.0,0.0,t+4
Chubut,2025,40,0.0,0.0,t+4
Chubut,2025,41,0.0,0.0,t+4
Chubut,2025,42,0.0,0.0,t+4
Chubut,2025,43,0.0,0.0,t+4
Chubut,2025,44,0.0,0.0,t+4
Chubut,2025,45,0.0,0.0,t+4
Chubut,2025,46,0.0,0.0,t+4
Chubut,2025,47,0.0,0.0,t+4
Chubut,2025,48,0.0,0.0,t+4
Chubut,2025,49,0.0,0.0,t+4
Chubut,2025,50,0.0,0.0,t+4
Chubut,2025,51,0.0,0.0,t+4
Chubut,2025,52,0.0,0.0,t+4
Chubut,2025,53,0.0,0.0,t+4
Ciudad Autónoma de Buenos Aires,2024,1,44.0,51.04921269810498,t+4
Ciudad Autónoma de Buenos Aires,2024,2,101.0,115.54490867588359,t+4
Ciudad Autónoma de Buenos Aires,2024,3,103.0,154.83906476183859,t+4
Ciudad Autónoma de Buenos Aires,2024,4,132.0,189.18180371535865,t+4
Ciudad Autónoma de Buenos Aires,2024,5,241.0,246.2599108833016,t+4
Ciudad Autónoma de Buenos Aires,2024,6,474.0,302.45332868617123,t+4
Ciudad Autónoma de Buenos Aires,2024,7,859.0,331.7336690422258,t+4
Ciudad Autónoma de Buenos Aires,2024,8,1494.0,334.6086885990822,t+4
Ciudad Autónoma de Buenos Aires,2024,9,1834.0,339.8737568218843,t+4
Ciudad Autónoma de Buenos Aires,2024,10,2229.0,372.1560059392961,t+4
Ciudad Autónoma de Buenos Aires,2024,11,2602.0,395.9075501344667,t+4
Ciudad Autónoma de Buenos Aires,2024,12,3029.0,399.6968475837942,t+4
Ciudad Autónoma de Buenos Aires,2024,13,2894.0,398.3997694125664,t+4
Ciudad Autónoma de Buenos Aires,2024,14,2606.0,395.0268905197036,t+4
Ciudad Autónoma de Buenos Aires,2024,15,1625.0,400.4682865127144,t+4
Ciudad Autónoma de Buenos Aires,2024,16,1330.0,412.374076439408,t+4
Ciudad Autónoma de Buenos Aires,2024,17,1051.0,398.9859942721766,t+4
Ciudad Autónoma de Buenos Aires,2024,18,672.0,364.5129772045799,t+4
Ciudad Autónoma de Buenos Aires,2024,19,261.0,316.72628336566606,t+4
Ciudad Autónoma de Buenos Aires,2024,20,129.0,298.2984338817285,t+4
Ciudad Autónoma de Buenos Aires,2024,21,39.0,272.5134145653103,t+4
Ciudad Autónoma de Buenos Aires,2024,22,11.0,206.1838652480822,t+4
Ciudad Autónoma de Buenos Aires,2024,23,5.0,114.17677499533129,t+4
Ciudad Autónoma de Buenos Aires,2024,24,2.0,43.50427825058036,t+4
Ciudad Autónoma de Buenos Aires,2024,25,0.0,9.814123078498454,t+4
Ciudad Autónoma de Buenos Aires,2024,26,1.0,1.5291108918846366,t+4
Ciudad Autónoma de Buenos Aires,2024,27,0.0,0.20713918890782285,t+4
Ciudad Autónoma de Buenos Aires,2024,28,0.0,0.0,t+4
Ciudad Autónoma de Buenos Aires,2024,29,0.0,0.0,t+4
Ciudad Autónoma de Buenos Aires,2024,30,0.0,0.0,t+4
Ciudad Autónoma de Buenos Aires,2024,31,0.0,0.0,t+4
Ciudad Autónoma de Buenos Aires,2024,32,0.0,0.0,t+4
Ciudad Autónoma de Buenos Aires,2024,33,0.0,0.0,t+4
Ciudad Autónoma de Buenos Aires,2024,34,0.0,0.0,t+4
Ciudad Autónoma de Buenos Aires,2024,35,0.0,0.0,t+4
Ciudad Autónoma de Buenos Aires,2024,36,0.0,0.0,t+4
Ciudad Autónoma de Buenos Aires,2024,37,0.0,0.0,t+4
Ciudad Autónoma de Buenos Aires,2024,38,0.0,0.0,t+4
Ciudad Autónoma de Buenos Aires,2024,39,0.0,0.0,t+4
Ciudad Autónoma de Buenos Aires,2024,40,0.0,0.0,t+4
Ciudad Autónoma de Buenos Aires,2024,41,1.0,0.0,t+4
Ciudad Autónoma de Buenos Aires,2024,42,1.0,0.0,t+4
Ciudad Autónoma de Buenos Aires,2024,43,1.0,0.0,t+4
Ciudad Autónoma de Buenos Aires,2024,44,0.0,0.0,t+4
Ciudad Autónoma de Buenos Aires,2024,45,0.0,0.0,t+4
Ciudad Autónoma de Buenos Aires,2024,46,0.0,0.04561880075098417,t+4
Ciudad Autónoma de Buenos Aires,2024,47,0.0,0.2260706208147683,t+4
Ciudad Autónoma de Buenos Aires,2024,48,0.0,0.26514339103968004,t+4
Ciudad Autónoma de Buenos Aires,2024,49,0.0,0.2289144625407028,t+4
Ciudad Autónoma de Buenos Aires,2024,50,0.0,0.16146542058082577,t+4
Ciudad Autónoma de Buenos Aires,2024,51,0.0,0.1450369459274043,t+4
Ciudad Autónoma de Buenos Aires,2024,52,0.0,0.2410131130596777,t+4
Ciudad Autónoma de Buenos Aires,2025,1,0.0,0.3413772574699885,t+4
Ciudad Autónoma de Buenos Aires,2025,2,1.0,0.4109349688582907,t+4
Ciudad Autónoma de Buenos Aires,2025,3,1.0,0.45656543984437337,t+4
Ciudad Autónoma de Buenos Aires,2025,4,0.0,0.5128948540873184,t+4
Ciudad Autónoma de Buenos Aires,2025,5,1.0,0.6139387497480054,t+4
Ciudad Autónoma de Buenos Aires,2025,6,3.0,0.9458721724233602,t+4
Ciudad Autónoma de Buenos Aires,2025,7,6.0,1.4790158316611062,t+4
Ciudad Autónoma de Buenos Aires,2025,8,4.0,1.7404744163959949,t+4
Ciudad Autónoma de Buenos Aires,2025,9,3.0,2.144436496019271,t+4
Ciudad Autónoma de Buenos Aires,2025,10,8.0,3.8251838793454547,t+4
Ciudad Autónoma de Buenos Aires,2025,11,19.0,9.165073412899789,t+4
Ciudad Autónoma de Buenos Aires,2025,12,15.0,16.992118695768525,t+4
Ciudad Autónoma de Buenos Aires,2025,13,16.0,22.01547636574577,t+4
Ciudad Autónoma de Buenos Aires,2025,14,20.0,32.1067408111234,t+4
Ciudad Autónoma de Buenos Aires,2025,15,15.0,48.75005024317317,t+4
Ciudad Autónoma de Buenos Aires,2025,16,13.0,47.223854069810386,t+4
Ciudad Autónoma de Buenos Aires,2025,17,6.0,36.32286957236685,t+4
Ciudad Autónoma de Buenos Aires,2025,18,9.0,24.820521112668438,t+4
Ciudad Autónoma de Buenos Aires,2025,19,4.0,14.370915928360505,t+4
Ciudad Autónoma de Buenos Aires,2025,20,3.0,6.409535500976823,t+4
Ciudad Autónoma de Buenos Aires,2025,21,3.0,2.205372818258308,t+4
Ciudad Autónoma de Buenos Aires,2025,22,1.0,0.9832497969874179,t+4
Ciudad Autónoma de Buenos Aires,2025,23,0.0,0.5416803474913975,t+4
Ciudad Autónoma de Buenos Aires,2025,24,0.0,0.47985441341316054,t+4
Ciudad Autónoma de Buenos Aires,2025,25,0.0,0.34913966460373935,t+4
Ciudad Autónoma de Buenos Aires,2025,26,0.0,0.16106727441380883,t+4
Ciudad Autónoma de Buenos Aires,2025,27,0.0,0.0,t+4
Ciudad Autónoma de Buenos Aires,2025,28,0.0,0.0,t+4
Ciudad Autónoma de Buenos Aires,2025,29,0.0,0.0,t+4
Ciudad Autónoma de Buenos Aires,2025,30,0.0,0.0,t+4
Ciudad Autónoma de Buenos Aires,2025,31,0.0,0.0,t+4
Ciudad Autónoma de Buenos Aires,2025,32,1.0,0.0,t+4
Ciudad Autónoma de Buenos Aires,2025,33,0.0,0.0,t+4
Ciudad Autónoma de Buenos Aires,2025,34,0.0,0.0,t+4
Ciudad Autónoma de Buenos Aires,2025,35,0.0,0.0,t+4
Ciudad Autónoma de Buenos Aires,2025,36,0.0,0.0,t+4
Ciudad Autónoma de Buenos Aires,2025,37,0.0,0.0,t+4
Ciudad Autónoma de Buenos Aires,2025,38,0.0,0.0,t+4
Ciudad Autónoma de Buenos Aires,2025,39,0.0,0.0,t+4
Ciudad Autónoma de Buenos Aires,2025,40,0.0,0.0,t+4
Ciudad Autónoma de Buenos Aires,2025,41,0.0,0.0,t+4
Ciudad Autónoma de Buenos Aires,2025,42,0.0,0.0,t+4
Ciudad Autónoma de Buenos Aires,2025,43,0.0,0.0,t+4
Ciudad Autónoma de Buenos Aires,2025,44,0.0,0.0,t+4
Ciudad Autónoma de Buenos Aires,2025,45,1.0,0.0,t+4
Ciudad Autónoma de Buenos Aires,2025,46,0.0,0.0,t+4
Ciudad Autónoma de Buenos Aires,2025,47,1.0,0.0,t+4
Ciudad Autónoma de Buenos Aires,2025,48,0.0,0.0,t+4
Ciudad Autónoma de Buenos Aires,2025,49,0.0,0.0,t+4
Ciudad Autónoma de Buenos Aires,2025,50,0.0,0.024267218132784225,t+4
Ciudad Autónoma de Buenos Aires,2025,51,0.0,0.17635766474025208,t+4
Ciudad Autónoma de Buenos Aires,2025,52,0.0,0.2682680312171872,t+4
Ciudad Autónoma de Buenos Aires,2025,53,0.0,0.3286606144537911,t+4
Corrientes,2024,1,692.0,309.21872141119906,t+4
Corrientes,2024,2,621.0,335.7313156303468,t+4
Corrientes,2024,3,723.0,371.1604231748181,t+4
Corrientes,2024,4,619.0,396.5773097503792,t+4
Corrientes,2024,5,593.0,401.2501034796833,t+4
Corrientes,2024,6,635.0,402.5965884445935,t+4
Corrientes,2024,7,545.0,413.93422633973915,t+4
Corrientes,2024,8,493.0,399.50084096873115,t+4
Corrientes,2024,9,562.0,387.92101543606924,t+4
Corrientes,2024,10,592.0,386.2517956802047,t+4
Corrientes,2024,11,589.0,392.1435656416327,t+4
Corrientes,2024,12,633.0,382.0731359426685,t+4
Corrientes,2024,13,565.0,387.04520782292474,t+4
Corrientes,2024,14,588.0,395.3731083458258,t+4
Corrientes,2024,15,602.0,394.284994705381,t+4
Corrientes,2024,16,561.0,385.5528750061665,t+4
Corrientes,2024,17,430.0,355.32834187025213,t+4
Corrientes,2024,18,250.0,335.7330787922894,t+4
Corrientes,2024,19,240.0,333.90261565854115,t+4
Corrientes,2024,20,135.0,316.4299231292939,t+4
Corrientes,2024,21,45.0,291.08114824139926,t+4
Corrientes,2024,22,14.0,240.17888735542024,t+4
Corrientes,2024,23,22.0,176.80674014365357,t+4
Corrientes,2024,24,31.0,99.22069815792058,t+4
Corrientes,2024,25,12.0,35.86688258579374,t+4
Corrientes,2024,26,5.0,6.759929431812533,t+4
Corrientes,2024,27,1.0,1.6866151773110214,t+4
Corrientes,2024,28,0.0,1.3322023136211039,t+4
Corrientes,2024,29,0.0,1.2767273816932654,t+4
Corrientes,2024,30,0.0,0.7818427086464732,t+4
Corrientes,2024,31,0.0,0.26895652949159715,t+4
Corrientes,2024,32,0.0,0.0,t+4
Corrientes,2024,33,0.0,0.0,t+4
Corrientes,2024,34,0.0,0.0,t+4
Corrientes,2024,35,0.0,0.0,t+4
Corrientes,2024,36,0.0,0.0,t+4
Corrientes,2024,37,0.0,0.0,t+4
Corrientes,2024,38,0.0,0.0,t+4
Corrientes,2024,39,0.0,0.0,t+4
Corrientes,2024,40,0.0,0.0,t+4
Corrientes,2024,41,0.0,0.0,t+4
Corrientes,2024,42,0.0,0.0,t+4
Corrientes,2024,43,0.0,0.0,t+4
Corrientes,2024,44,0.0,0.0,t+4
Corrientes,2024,45,0.0,0.0,t+4
Corrientes,2024,46,0.0,0.00992469626246949,t+4
Corrientes,2024,47,0.0,0.03642321683979389,t+4
Corrientes,2024,48,0.0,0.0550368313339535,t+4
Corrientes,2024,49,0.0,0.11735831014611753,t+4
Corrientes,2024,50,0.0,0.1423742041939557,t+4
Corrientes,2024,51,0.0,0.2558587367888555,t+4
Corrientes,2024,52,0.0,0.5886314463542035,t+4
Corrientes,2025,1,0.0,1.1033717152430529,t+4
Corrientes,2025,2,0.0,1.6078217646536164,t+4
Corrientes,2025,3,0.0,1.974825102381426,t+4
Corrientes,2025,4,0.0,2.0239829160833054,t+4
Corrientes,2025,5,3.0,1.9195404062984216,t+4
Corrientes,2025,6,0.0,1.6127965678223417,t+4
Corrientes,2025,7,0.0,1.3066065991831233,t+4
Corrientes,2025,8,1.0,1.2210683534327398,t+4
Corrientes,2025,9,6.0,2.42627668950967,t+4
Corrientes,2025,10,4.0,3.072738249455974,t+4
Corrientes,2025,11,5.0,2.877274867556586,t+4
Corrientes,2025,12,3.0,3.510499318431917,t+4
Corrientes,2025,13,1.0,8.015894919345538,t+4
Corrientes,2025,14,5.0,15.163579566569387,t+4
Corrientes,2025,15,0.0,18.368330306784404,t+4
Corrientes,2025,16,16.0,12.816920319649252,t+4
Corrientes,2025,17,0.0,5.467474061892275,t+4
Corrientes,2025,18,5.0,2.8215048196668655,t+4
Corrientes,2025,19,0.0,0.769015252915736,t+4
Corrientes,2025,20,0.0,1.0217858176202737,t+4
Corrientes,2025,21,4.0,0.4250167722494772,t+4
Corrientes,2025,22,0.0,0.44000676489814783,t+4
Corrientes,2025,23,0.0,0.3300273274763098,t+4
Corrientes,2025,24,0.0,0.1076894155611764,t+4
Corrientes,2025,25,0.0,0.3115923230385898,t+4
Corrientes,2025,26,0.0,0.17853857169584286,t+4
Corrientes,2025,27,0.0,0.03924072802293743,t+4
Corrientes,2025,28,0.0,0.0,t+4
Corrientes,2025,29,0.0,0.0,t+4
Corrientes,2025,30,0.0,0.0,t+4
Corrientes,2025,31,0.0,0.0,t+4
Corrientes,2025,32,0.0,0.0,t+4
Corrientes,2025,33,0.0,0.0,t+4
Corrientes,2025,34,0.0,0.0,t+4
Corrientes,2025,35,0.0,0.008985327246912696,t+4
Corrientes,2025,36,0.0,0.0,t+4
Corrientes,2025,37,0.0,0.0,t+4
Corrientes,2025,38,0.0,0.0,t+4
Corrientes,2025,39,0.0,0.0,t+4
Corrientes,2025,40,0.0,0.0,t+4
Corrientes,2025,41,0.0,0.0,t+4
Corrientes,2025,42,0.0,0.015839017320443825,t+4
Corrientes,2025,43,0.0,0.015062588046622983,t+4
Corrientes,2025,44,0.0,0.027538745701218302,t+4
Corrientes,2025,45,0.0,0.019706499136823447,t+4
Corrientes,2025,46,0.0,0.033705729918499405,t+4
Corrientes,2025,47,0.0,0.05591267695469511,t+4
Corrientes,2025,48,0.0,0.06380916341749962,t+4
Corrientes,2025,49,0.0,0.07420395772377429,t+4
Corrientes,2025,50,0.0,0.14508008119557017,t+4
Corrientes,2025,51,0.0,0.1957042918024097,t+4
Corrientes,2025,52,0.0,0.28171226747491407,t+4
Corrientes,2025,53,0.0,0.38080277663637646,t+4
Córdoba,2024,1,76.0,58.671821462208186,t+4
Córdoba,2024,2,95.0,77.66641937825838,t+4
Córdoba,2024,3,114.0,126.46581863149284,t+4
Córdoba,2024,4,140.0,187.2573561855161,t+4
Córdoba,2024,5,177.0,269.1430394035497,t+4
Córdoba,2024,6,707.0,324.8442548918223,t+4
Córdoba,2024,7,1411.0,343.3784498576388,t+4
Córdoba,2024,8,1961.0,335.79126831589673,t+4
Córdoba,2024,9,3294.0,334.06729800802634,t+4
Córdoba,2024,10,4304.0,377.9499281263345,t+4
Córdoba,2024,11,9248.0,404.32423456301797,t+4
Córdoba,2024,12,18237.0,408.22459798630143,t+4
Córdoba,2024,13,20113.0,411.104286586997,t+4
Córdoba,2024,14,22339.0,405.94230265266793,t+4
Córdoba,2024,15,9734.0,411.47367857441657,t+4
Córdoba,2024,16,4406.0,412.90398851755805,t+4
Córdoba,2024,17,3721.0,408.65170195397434,t+4
Córdoba,2024,18,2045.0,395.63377797875404,t+4
Córdoba,2024,19,1084.0,364.73058413853903,t+4
Córdoba,2024,20,421.0,316.6142843359426,t+4
Córdoba,2024,21,162.0,270.1018784772207,t+4
Córdoba,2024,22,15.0,205.85842968049423,t+4
Córdoba,2024,23,4.0,138.14515111752453,t+4
Córdoba,2024,24,4.0,68.10497953071507,t+4
Córdoba,2024,25,1.0,22.9623869902077,t+4
Córdoba,2024,26,1.0,3.2976675500733057,t+4
Córdoba,2024,27,0.0,0.3125581040307682,t+4
Córdoba,2024,28,0.0,0.029336811175278595,t+4
Córdoba,2024,29,0.0,0.0,t+4
Córdoba,2024,30,1.0,0.0,t+4
Córdoba,2024,31,0.0,0.0,t+4
Córdoba,2024,32,0.0,0.0,t+4
Córdoba,2024,33,0.0,0.0,t+4
Córdoba,2024,34,0.0,0.0,t+4
Córdoba,2024,35,1.0,0.0,t+4
Córdoba,2024,36,0.0,0.0,t+4
Córdoba,2024,37,0.0,0.0,t+4
Córdoba,2024,38,0.0,0.0,t+4
Córdoba,2024,39,0.0,0.0,t+4
Córdoba,2024,40,0.0,0.0,t+4
Córdoba,2024,41,2.0,0.0,t+4
Córdoba,2024,42,0.0,0.0,t+4
Córdoba,2024,43,0.0,0.0,t+4
Córdoba,2024,44,2.0,0.0,t+4
Córdoba,2024,45,4.0,0.025715176762140943,t+4
Córdoba,2024,46,0.0,0.07507304171213346,t+4
Córdoba,2024,47,1.0,0.09698120133171692,t+4
Córdoba,2024,48,0.0,0.2815040051671794,t+4
Córdoba,2024,49,0.0,0.8072222496901611,t+4
Córdoba,2024,50,0.0,0.8612406819259075,t+4
Córdoba,2024,51,2.0,1.0482661772248545,t+4
Córdoba,2024,52,0.0,1.2290730920500788,t+4
Córdoba,2025,1,1.0,1.142779760949931,t+4
Córdoba,2025,2,3.0,0.9139194292814505,t+4
Córdoba,2025,3,13.0,1.3549167114714868,t+4
Córdoba,2025,4,22.0,1.7008936620258697,t+4
Córdoba,2025,5,46.0,2.377606270481014,t+4
Córdoba,2025,6,51.0,4.332913739934442,t+4
Córdoba,2025,7,78.0,13.28575462402887,t+4
Córdoba,2025,8,175.0,48.817535496908405,t+4
Córdoba,2025,9,277.0,126.76510086620846,t+4
Córdoba,2025,10,408.0,178.27961811584,t+4
Córdoba,2025,11,629.0,204.6829152427798,t+4
Córdoba,2025,12,478.0,224.85005605465767,t+4
Córdoba,2025,13,508.0,258.80643290655405,t+4
Córdoba,2025,14,421.0,287.2880192014426,t+4
Córdoba,2025,15,193.0,282.57884562275046,t+4
Córdoba,2025,16,100.0,236.94420242901614,t+4
Córdoba,2025,17,119.0,219.11532404187605,t+4
Córdoba,2025,18,84.0,179.19580016115856,t+4
Córdoba,2025,19,71.0,112.61338567020402,t+4
Córdoba,2025,20,72.0,50.70189570705618,t+4
Córdoba,2025,21,52.0,22.962749459950697,t+4
Córdoba,2025,22,20.0,9.742769758318417,t+4
Córdoba,2025,23,7.0,4.884469377008794,t+4
Córdoba,2025,24,1.0,3.4456656958934753,t+4
Córdoba,2025,25,0.0,2.4177800458880654,t+4
Córdoba,2025,26,0.0,1.3557125101067542,t+4
Córdoba,2025,27,0.0,0.7201602940719143,t+4
Córdoba,2025,28,1.0,0.18631088990843503,t+4
Córdoba,2025,29,1.0,0.0,t+4
Córdoba,2025,30,0.0,0.0,t+4
Córdoba,2025,31,0.0,0.0,t+4
Córdoba,2025,32,0.0,0.0,t+4
Córdoba,2025,33,0.0,0.0,t+4
Córdoba,2025,34,0.0,0.016939396217723668,t+4
Córdoba,2025,35,0.0,0.008000062080988326,t+4
Córdoba,2025,36,0.0,0.0,t+4
Córdoba,2025,37,0.0,0.0,t+4
Córdoba,2025,38,0.0,0.0,t+4
Córdoba,2025,39,0.0,0.0,t+4
Córdoba,2025,40,0.0,0.0,t+4
Córdoba,2025,41,0.0,0.0,t+4
Córdoba,2025,42,0.0,0.0,t+4
Córdoba,2025,43,0.0,0.0,t+4
Córdoba,2025,44,0.0,0.0,t+4
Córdoba,2025,45,0.0,0.0,t+4
Córdoba,2025,46,0.0,0.0,t+4
Córdoba,2025,47,0.0,0.0,t+4
Córdoba,2025,48,0.0,0.0,t+4
Córdoba,2025,49,0.0,0.0,t+4
Córdoba,2025,50,0.0,0.0,t+4
Córdoba,2025,51,0.0,0.0,t+4
Córdoba,2025,52,0.0,0.0,t+4
Córdoba,2025,53,0.0,0.002002539247095341,t+4
Entre Ríos,2024,1,34.0,28.66353563915872,t+4
Entre Ríos,2024,2,55.0,52.62960005651149,t+4
Entre Ríos,2024,3,73.0,95.2223322978836,t+4
Entre Ríos,2024,4,118.0,166.07862174885344,t+4
Entre Ríos,2024,5,217.0,242.82788526171024,t+4
Entre Ríos,2024,6,220.0,291.3655785622822,t+4
Entre Ríos,2024,7,379.0,328.5015742815953,t+4
Entre Ríos,2024,8,579.0,345.529140666779,t+4
Entre Ríos,2024,9,856.0,351.526840872665,t+4
Entre Ríos,2024,10,1537.0,360.3056207207241,t+4
Entre Ríos,2024,11,2090.0,372.1577427259899,t+4
Entre Ríos,2024,12,2434.0,379.08549652798087,t+4
Entre Ríos,2024,13,2064.0,390.9062772851543,t+4
Entre Ríos,2024,14,2361.0,402.9376734298416,t+4
Entre Ríos,2024,15,1984.0,412.7383481504036,t+4
Entre Ríos,2024,16,1514.0,410.5211298525599,t+4
Entre Ríos,2024,17,1195.0,382.00360759237236,t+4
Entre Ríos,2024,18,931.0,369.0738585488359,t+4
Entre Ríos,2024,19,460.0,341.99298183894666,t+4
Entre Ríos,2024,20,216.0,320.9895333796837,t+4
Entre Ríos,2024,21,44.0,278.1285802740271,t+4
Entre Ríos,2024,22,9.0,217.10174624622329,t+4
Entre Ríos,2024,23,7.0,155.99733665424395,t+4
Entre Ríos,2024,24,9.0,90.55464632417832,t+4
Entre Ríos,2024,25,7.0,27.418312665134817,t+4
Entre Ríos,2024,26,0.0,3.522395517561502,t+4
Entre Ríos,2024,27,0.0,0.40686991992504684,t+4
Entre Ríos,2024,28,0.0,0.22345112605754605,t+4
Entre Ríos,2024,29,0.0,0.37912245732285305,t+4
Entre Ríos,2024,30,0.0,0.1030708179287394,t+4
Entre Ríos,2024,31,0.0,0.0,t+4
Entre Ríos,2024,32,0.0,0.0,t+4
Entre Ríos,2024,33,0.0,0.0,t+4
Entre Ríos,2024,34,0.0,0.0,t+4
Entre Ríos,2024,35,0.0,0.0,t+4
Entre Ríos,2024,36,0.0,0.0,t+4
Entre Ríos,2024,37,0.0,0.0,t+4
Entre Ríos,2024,38,0.0,0.0,t+4
Entre Ríos,2024,39,0.0,0.0,t+4
Entre Ríos,2024,40,0.0,0.0,t+4
Entre Ríos,2024,41,0.0,0.0,t+4
Entre Ríos,2024,42,0.0,0.0,t+4
Entre Ríos,2024,43,0.0,0.0,t+4
Entre Ríos,2024,44,1.0,0.0,t+4
Entre Ríos,2024,45,0.0,0.0,t+4
Entre Ríos,2024,46,0.0,0.0,t+4
Entre Ríos,2024,47,0.0,0.0,t+4
Entre Ríos,2024,48,0.0,0.10522319142295393,t+4
Entre Ríos,2024,49,0.0,0.17658148196199938,t+4
Entre Ríos,2024,50,3.0,0.175516720321422,t+4
Entre Ríos,2024,51,0.0,0.20415341777707555,t+4
Entre Ríos,2024,52,1.0,0.4433701814051951,t+4
Entre Ríos,2025,1,1.0,0.6849901998377922,t+4
Entre Ríos,2025,2,2.0,1.595946636979787,t+4
Entre Ríos,2025,3,0.0,2.118548610690643,t+4
Entre Ríos,2025,4,0.0,2.8626064503025233,t+4
Entre Ríos,2025,5,2.0,3.730987021527938,t+4
Entre Ríos,2025,6,6.0,4.597205738375519,t+4
Entre Ríos,2025,7,5.0,3.622363908900642,t+4
Entre Ríos,2025,8,8.0,2.409443567983803,t+4
Entre Ríos,2025,9,3.0,2.446841945412221,t+4
Entre Ríos,2025,10,10.0,4.633901268685604,t+4
Entre Ríos,2025,11,8.0,11.029012149708008,t+4
Entre Ríos,2025,12,10.0,28.445699083996075,t+4
Entre Ríos,2025,13,13.0,44.82085436515862,t+4
Entre Ríos,2025,14,11.0,62.287953492010985,t+4
Entre Ríos,2025,15,10.0,51.55303873328838,t+4
Entre Ríos,2025,16,12.0,30.045836585010544,t+4
Entre Ríos,2025,17,6.0,17.93465864354883,t+4
Entre Ríos,2025,18,2.0,9.535759950587513,t+4
Entre Ríos,2025,19,6.0,5.2570232632008995,t+4
Entre Ríos,2025,20,1.0,2.7673870155048963,t+4
Entre Ríos,2025,21,3.0,1.2318585169610985,t+4
Entre Ríos,2025,22,1.0,0.3491176626684176,t+4
Entre Ríos,2025,23,1.0,0.3550127613898243,t+4
Entre Ríos,2025,24,0.0,0.24907056045132414,t+4
Entre Ríos,2025,25,0.0,0.25962449394698206,t+4
Entre Ríos,2025,26,0.0,0.20205642631553847,t+4
Entre Ríos,2025,27,0.0,0.1387860014719635,t+4
Entre Ríos,2025,28,0.0,0.0034440531159955225,t+4
Entre Ríos,2025,29,1.0,0.0,t+4
Entre Ríos,2025,30,0.0,0.0,t+4
Entre Ríos,2025,31,0.0,0.0,t+4
Entre Ríos,2025,32,0.0,0.0,t+4
Entre Ríos,2025,33,0.0,0.0,t+4
Entre Ríos,2025,34,0.0,0.006411505545423607,t+4
Entre Ríos,2025,35,0.0,0.02398502066811396,t+4
Entre Ríos,2025,36,0.0,0.0,t+4
Entre Ríos,2025,37,0.0,0.0,t+4
Entre Ríos,2025,38,0.0,0.0,t+4
Entre Ríos,2025,39,0.0,0.0,t+4
Entre Ríos,2025,40,0.0,0.0,t+4
Entre Ríos,2025,41,0.0,0.0,t+4
Entre Ríos,2025,42,0.0,0.0,t+4
Entre Ríos,2025,43,1.0,0.0,t+4
Entre Ríos,2025,44,0.0,0.0,t+4
Entre Ríos,2025,45,0.0,0.0,t+4
Entre Ríos,2025,46,0.0,0.0,t+4
Entre Ríos,2025,47,0.0,0.0,t+4
Entre Ríos,2025,48,0.0,0.0,t+4
Entre Ríos,2025,49,0.0,0.0,t+4
Entre Ríos,2025,50,0.0,0.0,t+4
Entre Ríos,2025,51,0.0,0.010314949841046242,t+4
Entre Ríos,2025,52,0.0,0.04990746971125266,t+4
Entre Ríos,2025,53,0.0,0.12837239527784797,t+4
Formosa,2024,1,1324.0,384.4230977059557,t+4
Formosa,2024,2,1264.0,400.9936944508587,t+4
Formosa,2024,3,1238.0,415.0609369567644,t+4
Formosa,2024,4,1038.0,418.13525950491214,t+4
Formosa,2024,5,921.0,419.4519079230991,t+4
Formosa,2024,6,898.0,426.63301333814417,t+4
Formosa,2024,7,559.0,423.9747580517499,t+4
Formosa,2024,8,411.0,411.6313705749756,t+4
Formosa,2024,9,379.0,404.1200719984852,t+4
Formosa,2024,10,326.0,406.1954717252528,t+4
Formosa,2024,11,346.0,401.89277939827423,t+4
Formosa,2024,12,252.0,381.8886460903854,t+4
Formosa,2024,13,212.0,374.41804678299457,t+4
Formosa,2024,14,201.0,375.387306087024,t+4
Formosa,2024,15,166.0,365.00176355152604,t+4
Formosa,2024,16,153.0,341.64434690757025,t+4
Formosa,2024,17,138.0,310.33103390883514,t+4
Formosa,2024,18,137.0,297.498340652449,t+4
Formosa,2024,19,201.0,291.61912984313,t+4
Formosa,2024,20,136.0,263.13912295878316,t+4
Formosa,2024,21,29.0,234.7421545716315,t+4
Formosa,2024,22,30.0,209.66288744716582,t+4
Formosa,2024,23,22.0,174.29289332063598,t+4
Formosa,2024,24,38.0,109.04541527901843,t+4
Formosa,2024,25,35.0,37.158433807530244,t+4
Formosa,2024,26,28.0,9.287256099835812,t+4
Formosa,2024,27,11.0,2.596028120813416,t+4
Formosa,2024,28,7.0,1.7840000271772842,t+4
Formosa,2024,29,3.0,2.3797505770811656,t+4
Formosa,2024,30,3.0,2.6632020551472624,t+4
Formosa,2024,31,8.0,1.7795996484040213,t+4
Formosa,2024,32,7.0,0.890903817936925,t+4
Formosa,2024,33,9.0,0.5038392873847909,t+4
Formosa,2024,34,5.0,0.47599301365624036,t+4
Formosa,2024,35,4.0,0.786720405850707,t+4
Formosa,2024,36,6.0,1.1775321774508416,t+4
Formosa,2024,37,5.0,1.5034437466611121,t+4
Formosa,2024,38,5.0,1.57487448031405,t+4
Formosa,2024,39,6.0,1.3352778553848077,t+4
Formosa,2024,40,6.0,1.3230255638452113,t+4
Formosa,2024,41,8.0,1.3915424479285197,t+4
Formosa,2024,42,4.0,1.5464565645665,t+4
Formosa,2024,43,10.0,1.930044009040902,t+4
Formosa,2024,44,8.0,2.2959100685090053,t+4
Formosa,2024,45,12.0,3.125171362200812,t+4
Formosa,2024,46,18.0,3.877314880046707,t+4
Formosa,2024,47,21.0,5.598478835970579,t+4
Formosa,2024,48,8.0,7.631013816653288,t+4
Formosa,2024,49,13.0,12.593176663223261,t+4
Formosa,2024,50,12.0,21.339023764214822,t+4
Formosa,2024,51,13.0,37.223535671209426,t+4
Formosa,2024,52,15.0,48.88527191789565,t+4
Formosa,2025,1,14.0,59.08090908646783,t+4
Formosa,2025,2,17.0,69.7818890105309,t+4
Formosa,2025,3,17.0,84.57884342024529,t+4
Formosa,2025,4,16.0,91.30740836633328,t+4
Formosa,2025,5,13.0,83.65138675483219,t+4
Formosa,2025,6,6.0,75.14181087397097,t+4
Formosa,2025,7,2.0,72.9064265780273,t+4
Formosa,2025,8,5.0,72.75737436643185,t+4
Formosa,2025,9,5.0,70.18395591795209,t+4
Formosa,2025,10,5.0,49.541501503026396,t+4
Formosa,2025,11,8.0,21.923202937104698,t+4
Formosa,2025,12,1.0,12.932316261111634,t+4
Formosa,2025,13,6.0,10.60199178824085,t+4
Formosa,2025,14,4.0,8.66587558961343,t+4
Formosa,2025,15,5.0,8.461386557281873,t+4
Formosa,2025,16,5.0,4.6468509033504155,t+4
Formosa,2025,17,5.0,4.302831671295316,t+4
Formosa,2025,18,9.0,4.046135100654915,t+4
Formosa,2025,19,3.0,3.6062298138733535,t+4
Formosa,2025,20,10.0,2.7812271557027355,t+4
Formosa,2025,21,7.0,2.0585027545632713,t+4
Formosa,2025,22,5.0,1.9632382815168425,t+4
Formosa,2025,23,9.0,1.6877931872807477,t+4
Formosa,2025,24,11.0,1.8862120763766201,t+4
Formosa,2025,25,7.0,2.154773533702913,t+4
Formosa,2025,26,8.0,1.6055859908803296,t+4
Formosa,2025,27,5.0,1.5066449378719697,t+4
Formosa,2025,28,4.0,1.556245260020356,t+4
Formosa,2025,29,3.0,1.5727736924006241,t+4
Formosa,2025,30,4.0,1.4108452952089847,t+4
Formosa,2025,31,1.0,1.0036303042358143,t+4
Formosa,2025,32,1.0,0.8560635228886847,t+4
Formosa,2025,33,0.0,0.7333402481051999,t+4
Formosa,2025,34,0.0,0.8576291692202919,t+4
Formosa,2025,35,0.0,0.7046434092804176,t+4
Formosa,2025,36,0.0,0.4933789064662634,t+4
Formosa,2025,37,0.0,0.2314923214482559,t+4
Formosa,2025,38,0.0,0.09731735065331985,t+4
Formosa,2025,39,0.0,0.01154465525118781,t+4
Formosa,2025,40,0.0,0.0,t+4
Formosa,2025,41,0.0,0.0,t+4
Formosa,2025,42,0.0,0.03514410851347252,t+4
Formosa,2025,43,0.0,0.040346104052021596,t+4
Formosa,2025,44,0.0,0.06610699203330372,t+4
Formosa,2025,45,0.0,0.06530442113790423,t+4
Formosa,2025,46,0.0,0.06433869686442963,t+4
Formosa,2025,47,0.0,0.06909584924881479,t+4
Formosa,2025,48,0.0,0.10219917952375529,t+4
Formosa,2025,49,0.0,0.14388979468573507,t+4
Formosa,2025,50,0.0,0.2552527224975609,t+4
Formosa,2025,51,0.0,0.33787314987546757,t+4
Formosa,2025,52,0.0,0.4400804782654499,t+4
Formosa,2025,53,0.0,0.5454218833333242,t+4
Jujuy,2024,1,5.0,3.008986258920869,t+4
Jujuy,2024,2,3.0,4.900872007427681,t+4
Jujuy,2024,3,5.0,8.545080682957487,t+4
Jujuy,2024,4,8.0,20.661081713520545,t+4
Jujuy,2024,5,30.0,60.45125708377276,t+4
Jujuy,2024,6,26.0,104.34454170441329,t+4
Jujuy,2024,7,108.0,139.94240207418764,t+4
Jujuy,2024,8,161.0,169.25727113987787,t+4
Jujuy,2024,9,177.0,211.51615099950672,t+4
Jujuy,2024,10,288.0,236.96330697396434,t+4
Jujuy,2024,11,474.0,295.49649862845644,t+4
Jujuy,2024,12,1374.0,333.2396393472591,t+4
Jujuy,2024,13,1704.0,339.71613174413557,t+4
Jujuy,2024,14,2399.0,349.59420557620587,t+4
Jujuy,2024,15,2621.0,357.6435802884452,t+4
Jujuy,2024,16,1789.0,372.13386261750804,t+4
Jujuy,2024,17,1191.0,368.1444806931222,t+4
Jujuy,2024,18,861.0,366.8500107888459,t+4
Jujuy,2024,19,603.0,361.5464753517651,t+4
Jujuy,2024,20,211.0,319.53894437770975,t+4
Jujuy,2024,21,53.0,267.83451069002604,t+4
Jujuy,2024,22,26.0,215.1810322951434,t+4
Jujuy,2024,23,11.0,164.09642275258437,t+4
Jujuy,2024,24,0.0,86.91181181302628,t+4
Jujuy,2024,25,6.0,23.948262993737686,t+4
Jujuy,2024,26,2.0,4.203784825711364,t+4
Jujuy,2024,27,0.0,0.7871384447028231,t+4
Jujuy,2024,28,0.0,0.0,t+4
Jujuy,2024,29,0.0,0.0,t+4
Jujuy,2024,30,0.0,0.02485118695785965,t+4
Jujuy,2024,31,0.0,0.0,t+4
Jujuy,2024,32,0.0,0.0,t+4
Jujuy,2024,33,0.0,0.0,t+4
Jujuy,2024,34,0.0,0.0,t+4
Jujuy,2024,35,0.0,0.0,t+4
Jujuy,2024,36,0.0,0.0,t+4
Jujuy,2024,37,0.0,0.0,t+4
Jujuy,2024,38,0.0,0.0,t+4
Jujuy,2024,39,0.0,0.0,t+4
Jujuy,2024,40,0.0,0.0,t+4
Jujuy,2024,41,0.0,0.0,t+4
Jujuy,2024,42,0.0,0.0,t+4
Jujuy,2024,43,0.0,0.0,t+4
Jujuy,2024,44,0.0,0.0,t+4
Jujuy,2024,45,0.0,0.0,t+4
Jujuy,2024,46,0.0,0.0,t+4
Jujuy,2024,47,0.0,0.0,t+4
Jujuy,2024,48,0.0,0.0,t+4
Jujuy,2024,49,0.0,0.06726170587049855,t+4
Jujuy,2024,50,0.0,0.12850849874294448,t+4
Jujuy,2024,51,0.0,0.2125681531295242,t+4
Jujuy,2024,52,0.0,0.41551808071406643,t+4
Jujuy,2025,1,0.0,0.6446329747200654,t+4
Jujuy,2025,2,0.0,0.7648973170218428,t+4
Jujuy,2025,3,0.0,0.8399299281452738,t+4
Jujuy,2025,4,0.0,0.9336170405885194,t+4
Jujuy,2025,5,0.0,1.1586423651121167,t+4
Jujuy,2025,6,0.0,1.496199730195367,t+4
Jujuy,2025,7,0.0,1.6305219177316965,t+4
Jujuy,2025,8,0.0,1.8556831222848893,t+4
Jujuy,2025,9,0.0,2.281511537467117,t+4
Jujuy,2025,10,0.0,2.762835708687043,t+4
Jujuy,2025,11,0.0,2.9874470581206984,t+4
Jujuy,2025,12,0.0,3.1983170899534095,t+4
Jujuy,2025,13,0.0,3.3636514366109918,t+4
Jujuy,2025,14,0.0,3.1312204345617536,t+4
Jujuy,2025,15,0.0,2.4101860016316854,t+4
Jujuy,2025,16,0.0,1.7788328261205597,t+4
Jujuy,2025,17,0.0,1.2209673224859134,t+4
Jujuy,2025,18,0.0,0.6464201492609443,t+4
Jujuy,2025,19,0.0,0.25690993393500866,t+4
Jujuy,2025,20,0.0,0.08355223268073039,t+4
Jujuy,2025,21,0.0,0.016801219863247095,t+4
Jujuy,2025,22,0.0,0.0,t+4
Jujuy,2025,23,0.0,0.0,t+4
Jujuy,2025,24,0.0,0.0,t+4
Jujuy,2025,25,0.0,0.0,t+4
Jujuy,2025,26,0.0,0.0,t+4
Jujuy,2025,27,0.0,0.0,t+4
Jujuy,2025,28,0.0,0.0,t+4
Jujuy,2025,29,0.0,0.0,t+4
Jujuy,2025,30,0.0,0.0,t+4
Jujuy,2025,31,0.0,0.0,t+4
Jujuy,2025,32,0.0,0.0,t+4
Jujuy,2025,33,0.0,0.0,t+4
Jujuy,2025,34,0.0,0.0,t+4
Jujuy,2025,35,0.0,0.0,t+4
Jujuy,2025,36,0.0,0.0,t+4
Jujuy,2025,37,0.0,0.0,t+4
Jujuy,2025,38,0.0,0.0,t+4
Jujuy,2025,39,0.0,0.0,t+4
Jujuy,2025,40,0.0,0.0,t+4
Jujuy,2025,41,0.0,0.0,t+4
Jujuy,2025,42,0.0,0.0,t+4
Jujuy,2025,43,0.0,0.0,t+4
Jujuy,2025,44,0.0,0.0,t+4
Jujuy,2025,45,0.0,0.0,t+4
Jujuy,2025,46,0.0,0.0,t+4
Jujuy,2025,47,0.0,0.0,t+4
Jujuy,2025,48,0.0,0.0,t+4
Jujuy,2025,49,0.0,0.0,t+4
Jujuy,2025,50,0.0,0.0,t+4
Jujuy,2025,51,0.0,0.0,t+4
Jujuy,2025,52,0.0,0.0,t+4
Jujuy,2025,53,0.0,0.06977037420298134,t+4
La Pampa,2024,1,4.0,2.000281073514467,t+4
La Pampa,2024,2,3.0,4.132335459389809,t+4
La Pampa,2024,3,4.0,8.155370312643868,t+4
La Pampa,2024,4,2.0,19.127084525178443,t+4
La Pampa,2024,5,1.0,54.30254895334194,t+4
La Pampa,2024,6,7.0,103.99706019087097,t+4
La Pampa,2024,7,9.0,133.12242176741452,t+4
La Pampa,2024,8,10.0,112.02103618039392,t+4
La Pampa,2024,9,21.0,76.07816489898735,t+4
La Pampa,2024,10,23.0,90.69817588262646,t+4
La Pampa,2024,11,46.0,120.51617018671259,t+4
La Pampa,2024,12,82.0,135.55927193478513,t+4
La Pampa,2024,13,75.0,152.30035164382662,t+4
La Pampa,2024,14,125.0,157.61607238625822,t+4
La Pampa,2024,15,67.0,170.92628158995993,t+4
La Pampa,2024,16,32.0,186.52987027788947,t+4
La Pampa,2024,17,22.0,183.31081355813302,t+4
La Pampa,2024,18,11.0,161.42613077504646,t+4
La Pampa,2024,19,6.0,113.81152241116365,t+4
La Pampa,2024,20,1.0,64.00778368025577,t+4
La Pampa,2024,21,0.0,23.604415757355447,t+4
La Pampa,2024,22,0.0,4.493969283344293,t+4
La Pampa,2024,23,0.0,0.5886582786360938,t+4
La Pampa,2024,24,0.0,0.0,t+4
La Pampa,2024,25,0.0,0.0,t+4
La Pampa,2024,26,1.0,0.0,t+4
La Pampa,2024,27,0.0,0.0,t+4
La Pampa,2024,28,0.0,0.0,t+4
La Pampa,2024,29,0.0,0.0,t+4
La Pampa,2024,30,0.0,0.0,t+4
La Pampa,2024,31,0.0,0.0,t+4
La Pampa,2024,32,0.0,0.0,t+4
La Pampa,2024,33,0.0,0.0,t+4
La Pampa,2024,34,0.0,0.0,t+4
La Pampa,2024,35,0.0,0.0,t+4
La Pampa,2024,36,0.0,0.0,t+4
La Pampa,2024,37,0.0,0.0,t+4
La Pampa,2024,38,0.0,0.0,t+4
La Pampa,2024,39,0.0,0.0,t+4
La Pampa,2024,40,0.0,0.0,t+4
La Pampa,2024,41,0.0,0.0,t+4
La Pampa,2024,42,0.0,0.0,t+4
La Pampa,2024,43,0.0,0.0,t+4
La Pampa,2024,44,0.0,0.0,t+4
La Pampa,2024,45,0.0,0.0,t+4
La Pampa,2024,46,0.0,0.0,t+4
La Pampa,2024,47,0.0,0.0,t+4
La Pampa,2024,48,0.0,0.0,t+4
La Pampa,2024,49,0.0,0.0,t+4
La Pampa,2024,50,0.0,0.0,t+4
La Pampa,2024,51,0.0,0.006061792188755831,t+4
La Pampa,2024,52,0.0,0.036934933113661396,t+4
La Pampa,2025,1,1.0,0.06702861449958057,t+4
La Pampa,2025,2,0.0,0.10940588312120887,t+4
La Pampa,2025,3,0.0,0.16374007304473745,t+4
La Pampa,2025,4,1.0,0.22408068798803915,t+4
La Pampa,2025,5,1.0,0.4597319379538366,t+4
La Pampa,2025,6,6.0,0.6350006378261649,t+4
La Pampa,2025,7,7.0,0.7735759742286175,t+4
La Pampa,2025,8,6.0,1.077103527754867,t+4
La Pampa,2025,9,4.0,1.6964665823181602,t+4
La Pampa,2025,10,28.0,4.462068618343169,t+4
La Pampa,2025,11,25.0,12.607708114029712,t+4
La Pampa,2025,12,40.0,24.236814708734464,t+4
La Pampa,2025,13,31.0,30.17436091073479,t+4
La Pampa,2025,14,38.0,57.0415041494531,t+4
La Pampa,2025,15,18.0,77.98174500019778,t+4
La Pampa,2025,16,5.0,73.86943595605324,t+4
La Pampa,2025,17,0.0,55.210678536187004,t+4
La Pampa,2025,18,1.0,33.54671536717144,t+4
La Pampa,2025,19,3.0,14.455935177298995,t+4
La Pampa,2025,20,0.0,2.9768585554554687,t+4
La Pampa,2025,21,0.0,0.051609037433421455,t+4
La Pampa,2025,22,0.0,0.0,t+4
La Pampa,2025,23,0.0,0.0,t+4
La Pampa,2025,24,0.0,0.0,t+4
La Pampa,2025,25,0.0,0.0,t+4
La Pampa,2025,26,0.0,0.0,t+4
La Pampa,2025,27,0.0,0.0,t+4
La Pampa,2025,28,0.0,0.0,t+4
La Pampa,2025,29,0.0,0.0,t+4
La Pampa,2025,30,0.0,0.0,t+4
La Pampa,2025,31,0.0,0.0,t+4
La Pampa,2025,32,0.0,0.0,t+4
La Pampa,2025,33,0.0,0.0,t+4
La Pampa,2025,34,0.0,0.0,t+4
La Pampa,2025,35,0.0,0.0,t+4
La Pampa,2025,36,0.0,0.0,t+4
La Pampa,2025,37,0.0,0.0,t+4
La Pampa,2025,38,0.0,0.0,t+4
La Pampa,2025,39,0.0,0.0,t+4
La Pampa,2025,40,0.0,0.0,t+4
La Pampa,2025,41,0.0,0.0,t+4
La Pampa,2025,42,0.0,0.0,t+4
La Pampa,2025,43,0.0,0.0,t+4
La Pampa,2025,44,0.0,0.0,t+4
La Pampa,2025,45,0.0,0.0,t+4
La Pampa,2025,46,0.0,0.0,t+4
La Pampa,2025,47,0.0,0.0,t+4
La Pampa,2025,48,0.0,0.0,t+4
La Pampa,2025,49,0.0,0.0,t+4
La Pampa,2025,50,0.0,0.0,t+4
La Pampa,2025,51,0.0,0.0,t+4
La Pampa,2025,52,0.0,0.0,t+4
La Pampa,2025,53,0.0,0.03285908293119162,t+4
La Rioja,2024,1,10.0,2.547218330094604,t+4
La Rioja,2024,2,16.0,4.435544841543466,t+4
La Rioja,2024,3,15.0,7.757724089780141,t+4
La Rioja,2024,4,24.0,13.904328464430867,t+4
La Rioja,2024,5,28.0,49.12247041787843,t+4
La Rioja,2024,6,26.0,140.73805846759737,t+4
La Rioja,2024,7,30.0,210.80875339952772,t+4
La Rioja,2024,8,57.0,238.25377155180894,t+4
La Rioja,2024,9,118.0,241.15182488075334,t+4
La Rioja,2024,10,262.0,243.82347337086486,t+4
La Rioja,2024,11,528.0,233.06365712883695,t+4
La Rioja,2024,12,1226.0,239.41929768784726,t+4
La Rioja,2024,13,1693.0,267.55531679952236,t+4
La Rioja,2024,14,1965.0,301.0783381333128,t+4
La Rioja,2024,15,2180.0,329.565306675591,t+4
La Rioja,2024,16,1064.0,347.366396639629,t+4
La Rioja,2024,17,1236.0,349.07140850338845,t+4
La Rioja,2024,18,606.0,336.620727652682,t+4
La Rioja,2024,19,378.0,324.12789110081786,t+4
La Rioja,2024,20,169.0,270.83786920212356,t+4
La Rioja,2024,21,64.0,234.942893436271,t+4
La Rioja,2024,22,20.0,174.14446840697894,t+4
La Rioja,2024,23,8.0,106.61719055272322,t+4
La Rioja,2024,24,1.0,44.711367516074226,t+4
La Rioja,2024,25,2.0,11.685932088786549,t+4
La Rioja,2024,26,1.0,2.038647087374146,t+4
La Rioja,2024,27,0.0,0.41930693732389007,t+4
La Rioja,2024,28,0.0,0.0,t+4
La Rioja,2024,29,0.0,0.0,t+4
La Rioja,2024,30,0.0,0.0,t+4
La Rioja,2024,31,0.0,0.0,t+4
La Rioja,2024,32,0.0,0.0,t+4
La Rioja,2024,33,0.0,0.0,t+4
La Rioja,2024,34,0.0,0.0,t+4
La Rioja,2024,35,0.0,0.0,t+4
La Rioja,2024,36,0.0,0.0,t+4
La Rioja,2024,37,0.0,0.0,t+4
La Rioja,2024,38,0.0,0.0,t+4
La Rioja,2024,39,0.0,0.0,t+4
La Rioja,2024,40,0.0,0.0,t+4
La Rioja,2024,41,0.0,0.0,t+4
La Rioja,2024,42,0.0,0.0,t+4
La Rioja,2024,43,0.0,0.0,t+4
La Rioja,2024,44,0.0,0.0,t+4
La Rioja,2024,45,0.0,0.0,t+4
La Rioja,2024,46,0.0,0.0,t+4
La Rioja,2024,47,0.0,0.0,t+4
La Rioja,2024,48,0.0,0.0,t+4
La Rioja,2024,49,0.0,0.03552738900009129,t+4
La Rioja,2024,50,0.0,0.03227696967688645,t+4
La Rioja,2024,51,0.0,0.06488243337185905,t+4
La Rioja,2024,52,0.0,0.1339474005385416,t+4
La Rioja,2025,1,1.0,0.17139411740845997,t+4
La Rioja,2025,2,0.0,0.20591966957826338,t+4
La Rioja,2025,3,1.0,0.24495155750558129,t+4
La Rioja,2025,4,1.0,0.30947141967492875,t+4
La Rioja,2025,5,2.0,0.6411681715770725,t+4
La Rioja,2025,6,0.0,0.9211720439577392,t+4
La Rioja,2025,7,0.0,1.5127708637435902,t+4
La Rioja,2025,8,0.0,2.8964962599501374,t+4
La Rioja,2025,9,5.0,6.63626166135105,t+4
La Rioja,2025,10,25.0,8.609511796510912,t+4
La Rioja,2025,11,11.0,6.694829836642295,t+4
La Rioja,2025,12,1.0,4.171388507823493,t+4
La Rioja,2025,13,13.0,6.3933672592558555,t+4
La Rioja,2025,14,12.0,22.647992178848792,t+4
La Rioja,2025,15,9.0,48.54951177887762,t+4
La Rioja,2025,16,5.0,26.700411757148945,t+4
La Rioja,2025,17,0.0,16.11748466986846,t+4
La Rioja,2025,18,3.0,9.642386712929238,t+4
La Rioja,2025,19,10.0,4.82383677085557,t+4
La Rioja,2025,20,4.0,1.9355646488669316,t+4
La Rioja,2025,21,1.0,0.19573148755664513,t+4
La Rioja,2025,22,1.0,0.0,t+4
La Rioja,2025,23,0.0,0.3350238671487389,t+4
La Rioja,2025,24,0.0,0.6744184270297959,t+4
La Rioja,2025,25,0.0,0.48503603681351753,t+4
La Rioja,2025,26,0.0,0.2353030754798035,t+4
La Rioja,2025,27,0.0,0.027618818012722812,t+4
La Rioja,2025,28,0.0,0.0,t+4
La Rioja,2025,29,0.0,0.0,t+4
La Rioja,2025,30,0.0,0.0,t+4
La Rioja,2025,31,0.0,0.0,t+4
La Rioja,2025,32,0.0,0.0,t+4
La Rioja,2025,33,0.0,0.0,t+4
La Rioja,2025,34,0.0,0.0,t+4
La Rioja,2025,35,0.0,0.0,t+4
La Rioja,2025,36,0.0,0.0,t+4
La Rioja,2025,37,0.0,0.0,t+4
La Rioja,2025,38,0.0,0.0,t+4
La Rioja,2025,39,0.0,0.0,t+4
La Rioja,2025,40,0.0,0.0,t+4
La Rioja,2025,41,0.0,0.0,t+4
La Rioja,2025,42,0.0,0.0,t+4
La Rioja,2025,43,0.0,0.0,t+4
La Rioja,2025,44,0.0,0.0,t+4
La Rioja,2025,45,0.0,0.0,t+4
La Rioja,2025,46,0.0,0.0,t+4
La Rioja,2025,47,0.0,0.0,t+4
La Rioja,2025,48,0.0,0.0,t+4
La Rioja,2025,49,0.0,0.0,t+4
La Rioja,2025,50,0.0,0.0,t+4
La Rioja,2025,51,0.0,0.0,t+4
La Rioja,2025,52,0.0,0.0,t+4
La Rioja,2025,53,0.0,0.0,t+4
Mendoza,2024,1,4.0,0.4908558115602063,t+4
Mendoza,2024,2,4.0,1.2866754896134294,t+4
Mendoza,2024,3,3.0,3.1981635185541992,t+4
Mendoza,2024,4,11.0,6.601047059444543,t+4
Mendoza,2024,5,4.0,17.10377362403934,t+4
Mendoza,2024,6,5.0,38.814378601175555,t+4
Mendoza,2024,7,8.0,54.91850589189173,t+4
Mendoza,2024,8,14.0,83.3640631882985,t+4
Mendoza,2024,9,36.0,91.94561360718184,t+4
Mendoza,2024,10,164.0,93.94127335010731,t+4
Mendoza,2024,11,350.0,92.03728833130296,t+4
Mendoza,2024,12,675.0,105.00169281454487,t+4
Mendoza,2024,13,829.0,141.86203088070363,t+4
Mendoza,2024,14,1094.0,206.14698415794481,t+4
Mendoza,2024,15,860.0,253.85575149579404,t+4
Mendoza,2024,16,355.0,279.1471816901519,t+4
Mendoza,2024,17,198.0,291.37544423287125,t+4
Mendoza,2024,18,107.0,280.0128331275706,t+4
Mendoza,2024,19,31.0,253.13217478372374,t+4
Mendoza,2024,20,12.0,187.15552460878087,t+4
Mendoza,2024,21,3.0,112.11438009486517,t+4
Mendoza,2024,22,0.0,47.1502350590301,t+4
Mendoza,2024,23,0.0,11.299227049360598,t+4
Mendoza,2024,24,0.0,1.7795984355501846,t+4
Mendoza,2024,25,0.0,0.16007965592834872,t+4
Mendoza,2024,26,0.0,0.0,t+4
Mendoza,2024,27,0.0,0.0,t+4
Mendoza,2024,28,1.0,0.0,t+4
Mendoza,2024,29,0.0,0.0,t+4
Mendoza,2024,30,0.0,0.0,t+4
Mendoza,2024,31,0.0,0.0,t+4
Mendoza,2024,32,0.0,0.0,t+4
Mendoza,2024,33,0.0,0.0,t+4
Mendoza,2024,34,0.0,0.0,t+4
Mendoza,2024,35,0.0,0.0,t+4
Mendoza,2024,36,0.0,0.0,t+4
Mendoza,2024,37,0.0,0.0,t+4
Mendoza,2024,38,0.0,0.0,t+4
Mendoza,2024,39,0.0,0.0,t+4
Mendoza,2024,40,0.0,0.0,t+4
Mendoza,2024,41,0.0,0.0,t+4
Mendoza,2024,42,1.0,0.0,t+4
Mendoza,2024,43,0.0,0.0,t+4
Mendoza,2024,44,3.0,0.0,t+4
Mendoza,2024,45,1.0,0.0,t+4
Mendoza,2024,46,1.0,0.0,t+4
Mendoza,2024,47,0.0,0.0,t+4
Mendoza,2024,48,0.0,0.15820413434329883,t+4
Mendoza,2024,49,2.0,0.34052506572319297,t+4
Mendoza,2024,50,1.0,0.42373205240610856,t+4
Mendoza,2024,51,1.0,0.39476169609633,t+4
Mendoza,2024,52,0.0,0.2572229045890642,t+4
Mendoza,2025,1,0.0,0.31533722277589255,t+4
Mendoza,2025,2,0.0,0.40754352806882815,t+4
Mendoza,2025,3,1.0,0.5590331102974203,t+4
Mendoza,2025,4,0.0,0.5199674620946607,t+4
Mendoza,2025,5,0.0,0.46424943366730576,t+4
Mendoza,2025,6,0.0,0.45204690761071104,t+4
Mendoza,2025,7,0.0,0.66825752159587,t+4
Mendoza,2025,8,0.0,0.7080404058169407,t+4
Mendoza,2025,9,1.0,0.7072726362024314,t+4
Mendoza,2025,10,2.0,0.6707222905353948,t+4
Mendoza,2025,11,0.0,0.5777981432302778,t+4
Mendoza,2025,12,0.0,0.46195516115571583,t+4
Mendoza,2025,13,0.0,0.7065376804890833,t+4
Mendoza,2025,14,0.0,1.373114742402736,t+4
Mendoza,2025,15,0.0,1.2923161826274074,t+4
Mendoza,2025,16,2.0,0.8531488724848475,t+4
Mendoza,2025,17,0.0,0.3998047101511297,t+4
Mendoza,2025,18,0.0,0.07182405746596832,t+4
Mendoza,2025,19,0.0,0.0,t+4
Mendoza,2025,20,0.0,0.03319853759433601,t+4
Mendoza,2025,21,0.0,0.034918633771849616,t+4
Mendoza,2025,22,0.0,0.0,t+4
Mendoza,2025,23,0.0,0.0,t+4
Mendoza,2025,24,0.0,0.0,t+4
Mendoza,2025,25,2.0,0.0,t+4
Mendoza,2025,26,0.0,0.0,t+4
Mendoza,2025,27,0.0,0.0,t+4
Mendoza,2025,28,0.0,0.0,t+4
Mendoza,2025,29,0.0,0.023596335178204978,t+4
Mendoza,2025,30,0.0,0.0216874771340469,t+4
Mendoza,2025,31,0.0,0.0,t+4
Mendoza,2025,32,0.0,0.0,t+4
Mendoza,2025,33,0.0,0.0,t+4
Mendoza,2025,34,0.0,0.0,t+4
Mendoza,2025,35,0.0,0.0,t+4
Mendoza,2025,36,0.0,0.0,t+4
Mendoza,2025,37,0.0,0.0,t+4
Mendoza,2025,38,0.0,0.0,t+4
Mendoza,2025,39,0.0,0.0,t+4
Mendoza,2025,40,0.0,0.0,t+4
Mendoza,2025,41,0.0,0.0,t+4
Mendoza,2025,42,0.0,0.0,t+4
Mendoza,2025,43,0.0,0.0,t+4
Mendoza,2025,44,0.0,0.0,t+4
Mendoza,2025,45,0.0,0.0,t+4
Mendoza,2025,46,0.0,0.0,t+4
Mendoza,2025,47,0.0,0.0,t+4
Mendoza,2025,48,0.0,0.0,t+4
Mendoza,2025,49,0.0,0.0,t+4
Mendoza,2025,50,0.0,0.0,t+4
Mendoza,2025,51,0.0,0.0,t+4
Mendoza,2025,52,0.0,0.0,t+4
Mendoza,2025,53,0.0,0.0,t+4
Misiones,2024,1,704.0,338.7503648198926,t+4
Misiones,2024,2,867.0,365.2680298293783,t+4
Misiones,2024,3,750.0,381.71560055495644,t+4
Misiones,2024,4,994.0,391.52648925265777,t+4
Misiones,2024,5,1107.0,401.2449549749601,t+4
Misiones,2024,6,1194.0,407.9080712438755,t+4
Misiones,2024,7,1175.0,414.0136558292816,t+4
Misiones,2024,8,1544.0,412.8866509541909,t+4
Misiones,2024,9,1352.0,407.60296203714097,t+4
Misiones,2024,10,1074.0,409.5638538695273,t+4
Misiones,2024,11,1035.0,412.576623878245,t+4
Misiones,2024,12,1100.0,418.8391075361634,t+4
Misiones,2024,13,767.0,415.01349601492217,t+4
Misiones,2024,14,937.0,404.5544533418862,t+4
Misiones,2024,15,972.0,390.9530214095473,t+4
Misiones,2024,16,1030.0,389.374793564032,t+4
Misiones,2024,17,717.0,362.42308447681387,t+4
Misiones,2024,18,500.0,344.783998424757,t+4
Misiones,2024,19,253.0,338.0543173610601,t+4
Misiones,2024,20,86.0,335.8394733127134,t+4
Misiones,2024,21,85.0,325.2961293943935,t+4
Misiones,2024,22,33.0,313.1574409778121,t+4
Misiones,2024,23,1.0,258.7065404012767,t+4
Misiones,2024,24,0.0,147.14437490578075,t+4
Misiones,2024,25,3.0,78.01350329100136,t+4
Misiones,2024,26,3.0,27.48069558726217,t+4
Misiones,2024,27,0.0,2.8007036822458136,t+4
Misiones,2024,28,0.0,0.0,t+4
Misiones,2024,29,0.0,0.0,t+4
Misiones,2024,30,0.0,0.01745203659604782,t+4
Misiones,2024,31,0.0,0.0,t+4
Misiones,2024,32,0.0,0.0,t+4
Misiones,2024,33,0.0,0.0,t+4
Misiones,2024,34,0.0,0.0,t+4
Misiones,2024,35,0.0,0.0,t+4
Misiones,2024,36,0.0,0.0,t+4
Misiones,2024,37,0.0,0.0,t+4
Misiones,2024,38,0.0,0.0,t+4
Misiones,2024,39,0.0,0.0,t+4
Misiones,2024,40,0.0,0.0,t+4
Misiones,2024,41,0.0,0.009087106269907325,t+4
Misiones,2024,42,0.0,0.03837969293794076,t+4
Misiones,2024,43,0.0,0.08517948646408109,t+4
Misiones,2024,44,0.0,0.09860465384070412,t+4
Misiones,2024,45,0.0,0.13214574312189628,t+4
Misiones,2024,46,0.0,0.19138029253515976,t+4
Misiones,2024,47,0.0,0.24216804911471476,t+4
Misiones,2024,48,0.0,0.28317093496618884,t+4
Misiones,2024,49,1.0,0.4066542999132356,t+4
Misiones,2024,50,0.0,0.465472909553488,t+4
Misiones,2024,51,0.0,0.5831976307099185,t+4
Misiones,2024,52,0.0,0.8573145971374442,t+4
Misiones,2025,1,0.0,2.080665483380229,t+4
Misiones,2025,2,0.0,3.5218548635167255,t+4
Misiones,2025,3,0.0,4.178011030806693,t+4
Misiones,2025,4,1.0,3.6389363920170577,t+4
Misiones,2025,5,1.0,3.1351763788958715,t+4
Misiones,2025,6,0.0,2.3982520520228108,t+4
Misiones,2025,7,0.0,2.00447239447497,t+4
Misiones,2025,8,0.0,2.748312095738238,t+4
Misiones,2025,9,0.0,4.434643650248934,t+4
Misiones,2025,10,0.0,4.923341995971532,t+4
Misiones,2025,11,0.0,4.113873129524596,t+4
Misiones,2025,12,0.0,3.4036977206786223,t+4
Misiones,2025,13,0.0,2.7490759723041616,t+4
Misiones,2025,14,0.0,1.9238170992514247,t+4
Misiones,2025,15,0.0,1.1791827333084448,t+4
Misiones,2025,16,0.0,0.657686856422479,t+4
Misiones,2025,17,2.0,0.5005639535734546,t+4
Misiones,2025,18,0.0,0.4233300678227049,t+4
Misiones,2025,19,0.0,0.3913900695337252,t+4
Misiones,2025,20,0.0,0.29020180716314803,t+4
Misiones,2025,21,0.0,0.45600454731149187,t+4
Misiones,2025,22,0.0,0.27017878346317126,t+4
Misiones,2025,23,0.0,0.18485892471766052,t+4
Misiones,2025,24,0.0,0.06636698545420218,t+4
Misiones,2025,25,0.0,0.027895102306637783,t+4
Misiones,2025,26,0.0,0.0,t+4
Misiones,2025,27,0.0,0.0012615152199077428,t+4
Misiones,2025,28,0.0,0.0,t+4
Misiones,2025,29,0.0,0.0,t+4
Misiones,2025,30,0.0,0.0,t+4
Misiones,2025,31,0.0,0.0,t+4
Misiones,2025,32,0.0,0.0,t+4
Misiones,2025,33,0.0,0.0,t+4
Misiones,2025,34,0.0,0.017985589982812945,t+4
Misiones,2025,35,0.0,0.04634421831318761,t+4
Misiones,2025,36,0.0,0.0549512852874694,t+4
Misiones,2025,37,0.0,0.027960437787822638,t+4
Misiones,2025,38,0.0,0.029080308113088944,t+4
Misiones,2025,39,0.0,0.0206098678076416,t+4
Misiones,2025,40,0.0,0.034711079355826006,t+4
Misiones,2025,41,0.0,0.03637471585187363,t+4
Misiones,2025,42,0.0,0.06329296151348174,t+4
Misiones,2025,43,0.0,0.06299978008978736,t+4
Misiones,2025,44,0.0,0.10527382930702273,t+4
Misiones,2025,45,0.0,0.11285380232191054,t+4
Misiones,2025,46,0.0,0.18458593556969835,t+4
Misiones,2025,47,0.0,0.1892933066831741,t+4
Misiones,2025,48,0.0,0.21123772824103368,t+4
Misiones,2025,49,0.0,0.25463744303517194,t+4
Misiones,2025,50,0.0,0.379483327173143,t+4
Misiones,2025,51,0.0,0.45734775896741525,t+4
Misiones,2025,52,0.0,0.5494350614400642,t+4
Misiones,2025,53,0.0,0.65434588764853,t+4
Neuquén,2024,1,3.0,1.9129150789945537,t+4
Neuquén,2024,2,5.0,2.741899714882411,t+4
Neuquén,2024,3,5.0,3.80145355601913,t+4
Neuquén,2024,4,6.0,8.290285266876232,t+4
Neuquén,2024,5,2.0,17.27167289474656,t+4
Neuquén,2024,6,4.0,31.044772707213376,t+4
Neuquén,2024,7,2.0,42.18967257557729,t+4
Neuquén,2024,8,2.0,49.16090433036727,t+4
Neuquén,2024,9,6.0,38.89002142633789,t+4
Neuquén,2024,10,7.0,33.48994253979737,t+4
Neuquén,2024,11,7.0,23.09167519090488,t+4
Neuquén,2024,12,22.0,13.509719258265186,t+4
Neuquén,2024,13,20.0,11.01116738589083,t+4
Neuquén,2024,14,38.0,10.968736509086362,t+4
Neuquén,2024,15,20.0,10.19108736312726,t+4
Neuquén,2024,16,13.0,12.27322059226029,t+4
Neuquén,2024,17,4.0,14.735584467894455,t+4
Neuquén,2024,18,6.0,17.29865642159012,t+4
Neuquén,2024,19,3.0,12.755772332154155,t+4
Neuquén,2024,20,1.0,5.999128573037817,t+4
Neuquén,2024,21,1.0,1.4260669317989532,t+4
Neuquén,2024,22,0.0,0.3980393865960777,t+4
Neuquén,2024,23,0.0,0.12691911904296455,t+4
Neuquén,2024,24,0.0,0.0,t+4
Neuquén,2024,25,0.0,0.0,t+4
Neuquén,2024,26,0.0,0.0,t+4
Neuquén,2024,27,0.0,0.0,t+4
Neuquén,2024,28,0.0,0.0,t+4
Neuquén,2024,29,0.0,0.0,t+4
Neuquén,2024,30,0.0,0.0,t+4
Neuquén,2024,31,0.0,0.0,t+4
Neuquén,2024,32,0.0,0.0,t+4
Neuquén,2024,33,0.0,0.0,t+4
Neuquén,2024,34,0.0,0.0,t+4
Neuquén,2024,35,0.0,0.0,t+4
Neuquén,2024,36,0.0,0.0,t+4
Neuquén,2024,37,0.0,0.0,t+4
Neuquén,2024,38,0.0,0.0,t+4
Neuquén,2024,39,0.0,0.0,t+4
Neuquén,2024,40,0.0,0.0,t+4
Neuquén,2024,41,0.0,0.0,t+4
Neuquén,2024,42,0.0,0.0,t+4
Neuquén,2024,43,0.0,0.0,t+4
Neuquén,2024,44,0.0,0.0,t+4
Neuquén,2024,45,0.0,0.0,t+4
Neuquén,2024,46,0.0,0.0,t+4
Neuquén,2024,47,0.0,0.0,t+4
Neuquén,2024,48,0.0,0.0,t+4
Neuquén,2024,49,0.0,0.0,t+4
Neuquén,2024,50,0.0,0.0,t+4
Neuquén,2024,51,0.0,0.0,t+4
Neuquén,2024,52,0.0,0.0,t+4
Neuquén,2025,1,0.0,0.0,t+4
Neuquén,2025,2,0.0,0.0,t+4
Neuquén,2025,3,0.0,0.0,t+4
Neuquén,2025,4,0.0,0.0,t+4
Neuquén,2025,5,0.0,0.0,t+4
Neuquén,2025,6,0.0,0.0,t+4
Neuquén,2025,7,1.0,0.0,t+4
Neuquén,2025,8,0.0,0.011103519893653234,t+4
Neuquén,2025,9,0.0,0.026420814199159967,t+4
Neuquén,2025,10,0.0,0.029891164385442086,t+4
Neuquén,2025,11,0.0,0.14159553499824082,t+4
Neuquén,2025,12,0.0,0.16971356511715405,t+4
Neuquén,2025,13,1.0,0.17279802464321695,t+4
Neuquén,2025,14,1.0,0.15104275169741616,t+4
Neuquén,2025,15,1.0,0.0943606910846891,t+4
Neuquén,2025,16,0.0,0.043418170781716656,t+4
Neuquén,2025,17,0.0,0.11701959580345436,t+4
Neuquén,2025,18,0.0,0.1827206584418695,t+4
Neuquén,2025,19,0.0,0.2638708103866714,t+4
Neuquén,2025,20,0.0,0.15707778640905157,t+4
Neuquén,2025,21,0.0,0.06060887463541767,t+4
Neuquén,2025,22,0.0,0.0,t+4
Neuquén,2025,23,0.0,0.0,t+4
Neuquén,2025,24,0.0,0.0,t+4
Neuquén,2025,25,0.0,0.0,t+4
Neuquén,2025,26,0.0,0.0,t+4
Neuquén,2025,27,0.0,0.0,t+4
Neuquén,2025,28,0.0,0.0,t+4
Neuquén,2025,29,0.0,0.0,t+4
Neuquén,2025,30,0.0,0.0,t+4
Neuquén,2025,31,0.0,0.0,t+4
Neuquén,2025,32,0.0,0.0,t+4
Neuquén,2025,33,0.0,0.0,t+4
Neuquén,2025,34,0.0,0.0,t+4
Neuquén,2025,35,0.0,0.0,t+4
Neuquén,2025,36,0.0,0.0,t+4
Neuquén,2025,37,0.0,0.0,t+4
Neuquén,2025,38,0.0,0.0,t+4
Neuquén,2025,39,0.0,0.0,t+4
Neuquén,2025,40,0.0,0.0,t+4
Neuquén,2025,41,0.0,0.0,t+4
Neuquén,2025,42,0.0,0.0,t+4
Neuquén,2025,43,0.0,0.0,t+4
Neuquén,2025,44,0.0,0.0,t+4
Neuquén,2025,45,0.0,0.0,t+4
Neuquén,2025,46,0.0,0.0,t+4
Neuquén,2025,47,0.0,0.0,t+4
Neuquén,2025,48,0.0,0.0,t+4
Neuquén,2025,49,0.0,0.0,t+4
Neuquén,2025,50,0.0,0.0,t+4
Neuquén,2025,51,0.0,0.0,t+4
Neuquén,2025,52,0.0,0.0,t+4
Neuquén,2025,53,0.0,0.0,t+4
Río Negro,2024,1,0.0,0.45628196810775257,t+4
Río Negro,2024,2,1.0,0.707536183859324,t+4
Río Negro,2024,3,5.0,0.9725405726009744,t+4
Río Negro,2024,4,1.0,1.3291988304509388,t+4
Río Negro,2024,5,0.0,1.907400878212516,t+4
Río Negro,2024,6,3.0,3.2654347221252107,t+4
Río Negro,2024,7,1.0,8.283661123966693,t+4
Río Negro,2024,8,3.0,14.87368950379531,t+4
Río Negro,2024,9,4.0,14.556147214447611,t+4
Río Negro,2024,10,0.0,16.991019630734932,t+4
Río Negro,2024,11,4.0,14.50748263983856,t+4
Río Negro,2024,12,19.0,12.516960861781348,t+4
Río Negro,2024,13,10.0,12.384486425465623,t+4
Río Negro,2024,14,15.0,5.644501187474081,t+4
Río Negro,2024,15,14.0,3.1931671190356483,t+4
Río Negro,2024,16,7.0,4.354559593311327,t+4
Río Negro,2024,17,9.0,6.433182227660496,t+4
Río Negro,2024,18,0.0,8.23027117175709,t+4
Río Negro,2024,19,1.0,7.3064002922432785,t+4
Río Negro,2024,20,1.0,3.990251922447855,t+4
Río Negro,2024,21,1.0,1.822423990011027,t+4
Río Negro,2024,22,0.0,0.20281166923440033,t+4
Río Negro,2024,23,0.0,0.0,t+4
Río Negro,2024,24,0.0,0.0,t+4
Río Negro,2024,25,0.0,0.0,t+4
Río Negro,2024,26,0.0,0.0,t+4
Río Negro,2024,27,0.0,0.0,t+4
Río Negro,2024,28,0.0,0.0,t+4
Río Negro,2024,29,0.0,0.0,t+4
Río Negro,2024,30,0.0,0.0,t+4
Río Negro,2024,31,0.0,0.0,t+4
Río Negro,2024,32,0.0,0.0,t+4
Río Negro,2024,33,0.0,0.0,t+4
Río Negro,2024,34,0.0,0.0,t+4
Río Negro,2024,35,0.0,0.0,t+4
Río Negro,2024,36,0.0,0.0,t+4
Río Negro,2024,37,0.0,0.0,t+4
Río Negro,2024,38,0.0,0.0,t+4
Río Negro,2024,39,0.0,0.0,t+4
Río Negro,2024,40,0.0,0.0,t+4
Río Negro,2024,41,0.0,0.0,t+4
Río Negro,2024,42,0.0,0.0,t+4
Río Negro,2024,43,0.0,0.0,t+4
Río Negro,2024,44,0.0,0.0,t+4
Río Negro,2024,45,0.0,0.0,t+4
Río Negro,2024,46,0.0,0.0,t+4
Río Negro,2024,47,0.0,0.0,t+4
Río Negro,2024,48,0.0,0.0,t+4
Río Negro,2024,49,0.0,0.0,t+4
Río Negro,2024,50,0.0,0.0,t+4
Río Negro,2024,51,0.0,0.0,t+4
Río Negro,2024,52,0.0,0.0,t+4
Río Negro,2025,1,0.0,0.0,t+4
Río Negro,2025,2,0.0,0.0,t+4
Río Negro,2025,3,0.0,0.0,t+4
Río Negro,2025,4,0.0,0.0,t+4
Río Negro,2025,5,0.0,0.0,t+4
Río Negro,2025,6,0.0,0.0,t+4
Río Negro,2025,7,0.0,0.004382024852692609,t+4
Río Negro,2025,8,0.0,0.016417848318913086,t+4
Río Negro,2025,9,0.0,0.0311548204935375,t+4
Río Negro,2025,10,0.0,0.029847687397198272,t+4
Río Negro,2025,11,0.0,0.026439736871952012,t+4
Río Negro,2025,12,0.0,0.02298693111720174,t+4
Río Negro,2025,13,0.0,0.04347015061077612,t+4
Río Negro,2025,14,0.0,0.06846852567991382,t+4
Río Negro,2025,15,0.0,0.05008657094000375,t+4
Río Negro,2025,16,0.0,0.02728209304257694,t+4
Río Negro,2025,17,0.0,0.0,t+4
Río Negro,2025,18,0.0,0.0,t+4
Río Negro,2025,19,0.0,0.0,t+4
Río Negro,2025,20,0.0,0.0,t+4
Río Negro,2025,21,0.0,0.0,t+4
Río Negro,2025,22,0.0,0.0,t+4
Río Negro,2025,23,0.0,0.0,t+4
Río Negro,2025,24,0.0,0.0,t+4
Río Negro,2025,25,0.0,0.0,t+4
Río Negro,2025,26,0.0,0.0,t+4
Río Negro,2025,27,0.0,0.0,t+4
Río Negro,2025,28,0.0,0.0,t+4
Río Negro,2025,29,0.0,0.0,t+4
Río Negro,2025,30,0.0,0.0,t+4
Río Negro,2025,31,0.0,0.0,t+4
Río Negro,2025,32,0.0,0.0,t+4
Río Negro,2025,33,0.0,0.0,t+4
Río Negro,2025,34,0.0,0.0,t+4
Río Negro,2025,35,0.0,0.0,t+4
Río Negro,2025,36,0.0,0.0,t+4
Río Negro,2025,37,0.0,0.0,t+4
Río Negro,2025,38,0.0,0.0,t+4
Río Negro,2025,39,0.0,0.0,t+4
Río Negro,2025,40,0.0,0.0,t+4
Río Negro,2025,41,0.0,0.0,t+4
Río Negro,2025,42,0.0,0.0,t+4
Río Negro,2025,43,0.0,0.0,t+4
Río Negro,2025,44,0.0,0.0,t+4
Río Negro,2025,45,0.0,0.0,t+4
Río Negro,2025,46,0.0,0.0,t+4
Río Negro,2025,47,0.0,0.0,t+4
Río Negro,2025,48,0.0,0.0,t+4
Río Negro,2025,49,0.0,0.0,t+4
Río Negro,2025,50,0.0,0.0,t+4
Río Negro,2025,51,0.0,0.0,t+4
Río Negro,2025,52,0.0,0.0,t+4
Río Negro,2025,53,0.0,0.0,t+4
Salta,2024,1,12.0,17.54046596101224,t+4
Salta,2024,2,12.0,29.763901676030738,t+4
Salta,2024,3,28.0,61.30478350502649,t+4
Salta,2024,4,50.0,111.55514335549664,t+4
Salta,2024,5,89.0,186.03867970614164,t+4
Salta,2024,6,219.0,228.57666308755893,t+4
Salta,2024,7,409.0,272.67211013400885,t+4
Salta,2024,8,782.0,306.9468758614116,t+4
Salta,2024,9,1002.0,327.568551037939,t+4
Salta,2024,10,1434.0,363.1236097128899,t+4
Salta,2024,11,2035.0,393.4740258017005,t+4
Salta,2024,12,2891.0,411.15991407850845,t+4
Salta,2024,13,2565.0,414.0846482376879,t+4
Salta,2024,14,3243.0,418.6049299104543,t+4
Salta,2024,15,3437.0,420.1944772636864,t+4
Salta,2024,16,2492.0,416.89882653148237,t+4
Salta,2024,17,1414.0,401.8318404386879,t+4
Salta,2024,18,970.0,394.6400011619125,t+4
Salta,2024,19,655.0,387.6599878011813,t+4
Salta,2024,20,259.0,352.4318587557805,t+4
Salta,2024,21,68.0,308.9378387191617,t+4
Salta,2024,22,18.0,259.6099897719848,t+4
Salta,2024,23,9.0,206.00398139326907,t+4
Salta,2024,24,4.0,119.14076179119905,t+4
Salta,2024,25,7.0,39.88773341751669,t+4
Salta,2024,26,7.0,6.3562121002147975,t+4
Salta,2024,27,1.0,0.844156830981615,t+4
Salta,2024,28,0.0,0.1258992590185854,t+4
Salta,2024,29,0.0,0.18288159717536262,t+4
Salta,2024,30,0.0,0.38072756644323047,t+4
Salta,2024,31,0.0,0.28755753736091366,t+4
Salta,2024,32,0.0,0.060629970239640125,t+4
Salta,2024,33,0.0,0.0,t+4
Salta,2024,34,0.0,0.0,t+4
Salta,2024,35,0.0,0.0,t+4
Salta,2024,36,0.0,0.0,t+4
Salta,2024,37,0.0,0.0,t+4
Salta,2024,38,0.0,0.0,t+4
Salta,2024,39,0.0,0.0,t+4
Salta,2024,40,0.0,0.0,t+4
Salta,2024,41,0.0,0.0,t+4
Salta,2024,42,0.0,0.0,t+4
Salta,2024,43,0.0,0.0,t+4
Salta,2024,44,1.0,0.0,t+4
Salta,2024,45,0.0,0.0,t+4
Salta,2024,46,0.0,0.04350077059790247,t+4
Salta,2024,47,1.0,0.07473999409938167,t+4
Salta,2024,48,0.0,0.2527689514360056,t+4
Salta,2024,49,0.0,0.4938221165074647,t+4
Salta,2024,50,0.0,0.6032267471005873,t+4
Salta,2024,51,0.0,1.048329038121463,t+4
Salta,2024,52,0.0,1.6543336158039534,t+4
Salta,2025,1,1.0,2.286336149861346,t+4
Salta,2025,2,0.0,2.464998756382834,t+4
Salta,2025,3,0.0,2.318142887167684,t+4
Salta,2025,4,1.0,2.1691047531087873,t+4
Salta,2025,5,0.0,3.1267052324767954,t+4
Salta,2025,6,1.0,4.24588892713418,t+4
Salta,2025,7,0.0,4.526788524693591,t+4
Salta,2025,8,1.0,5.993955976429506,t+4
Salta,2025,9,3.0,6.987789097807436,t+4
Salta,2025,10,3.0,9.476308931717789,t+4
Salta,2025,11,6.0,8.947910776033948,t+4
Salta,2025,12,1.0,9.559778473844826,t+4
Salta,2025,13,2.0,14.954575275761263,t+4
Salta,2025,14,1.0,22.50267315724831,t+4
Salta,2025,15,1.0,31.0397207774972,t+4
Salta,2025,16,1.0,22.38383668698686,t+4
Salta,2025,17,0.0,12.678481730833267,t+4
Salta,2025,18,1.0,4.093562513030753,t+4
Salta,2025,19,0.0,0.9437291120768332,t+4
Salta,2025,20,0.0,0.24577218628279332,t+4
Salta,2025,21,0.0,0.0,t+4
Salta,2025,22,0.0,0.013482580121617916,t+4
Salta,2025,23,0.0,0.0,t+4
Salta,2025,24,0.0,0.0,t+4
Salta,2025,25,0.0,0.0,t+4
Salta,2025,26,0.0,0.0,t+4
Salta,2025,27,0.0,0.0,t+4
Salta,2025,28,0.0,0.0,t+4
Salta,2025,29,0.0,0.0,t+4
Salta,2025,30,0.0,0.0,t+4
Salta,2025,31,0.0,0.0,t+4
Salta,2025,32,0.0,0.0,t+4
Salta,2025,33,0.0,0.0,t+4
Salta,2025,34,0.0,0.0,t+4
Salta,2025,35,0.0,0.0,t+4
Salta,2025,36,0.0,0.0,t+4
Salta,2025,37,0.0,0.0,t+4
Salta,2025,38,0.0,0.0,t+4
Salta,2025,39,0.0,0.0,t+4
Salta,2025,40,0.0,0.0,t+4
Salta,2025,41,0.0,0.0,t+4
Salta,2025,42,0.0,0.0,t+4
Salta,2025,43,0.0,0.0,t+4
Salta,2025,44,0.0,0.0,t+4
Salta,2025,45,0.0,0.0,t+4
Salta,2025,46,0.0,0.0,t+4
Salta,2025,47,0.0,0.0,t+4
Salta,2025,48,0.0,0.0,t+4
Salta,2025,49,0.0,0.0,t+4
Salta,2025,50,0.0,0.032297051323089104,t+4
Salta,2025,51,0.0,0.057152713759823046,t+4
Salta,2025,52,0.0,0.09770353482059162,t+4
Salta,2025,53,0.0,0.24156006361930107,t+4
San Juan,2024,1,2.0,0.6381706673728873,t+4
San Juan,2024,2,1.0,1.4053468013041204,t+4
San Juan,2024,3,1.0,2.128829669331692,t+4
San Juan,2024,4,3.0,3.6813503828813103,t+4
San Juan,2024,5,5.0,7.842960132263227,t+4
San Juan,2024,6,4.0,13.997155014586323,t+4
San Juan,2024,7,6.0,18.661599109143506,t+4
San Juan,2024,8,4.0,24.994859921109853,t+4
San Juan,2024,9,30.0,37.088955218557764,t+4
San Juan,2024,10,44.0,52.56421129024928,t+4
San Juan,2024,11,120.0,63.35264752673294,t+4
San Juan,2024,12,268.0,56.39918967178702,t+4
San Juan,2024,13,220.0,80.04497352245336,t+4
San Juan,2024,14,232.0,120.24006026737919,t+4
San Juan,2024,15,367.0,168.0150361505995,t+4
San Juan,2024,16,476.0,209.65381811197528,t+4
San Juan,2024,17,182.0,223.4163550791866,t+4
San Juan,2024,18,107.0,204.2282169830716,t+4
San Juan,2024,19,67.0,185.15478736163016,t+4
San Juan,2024,20,6.0,161.75877186768983,t+4
San Juan,2024,21,7.0,108.8060373811124,t+4
San Juan,2024,22,0.0,49.83902065615193,t+4
San Juan,2024,23,0.0,16.226410067530203,t+4
San Juan,2024,24,0.0,2.2840543104665216,t+4
San Juan,2024,25,0.0,0.3234121728209704,t+4
San Juan,2024,26,0.0,0.0,t+4
San Juan,2024,27,0.0,0.0,t+4
San Juan,2024,28,0.0,0.0,t+4
San Juan,2024,29,0.0,0.0,t+4
San Juan,2024,30,0.0,0.0,t+4
San Juan,2024,31,0.0,0.0,t+4
San Juan,2024,32,0.0,0.0,t+4
San Juan,2024,33,0.0,0.0,t+4
San Juan,2024,34,0.0,0.0,t+4
San Juan,2024,35,0.0,0.0,t+4
San Juan,2024,36,0.0,0.0,t+4
San Juan,2024,37,0.0,0.0,t+4
San Juan,2024,38,0.0,0.0,t+4
San Juan,2024,39,0.0,0.0,t+4
San Juan,2024,40,0.0,0.0,t+4
San Juan,2024,41,0.0,0.0,t+4
San Juan,2024,42,0.0,0.0,t+4
San Juan,2024,43,0.0,0.0,t+4
San Juan,2024,44,0.0,0.0,t+4
San Juan,2024,45,0.0,0.0,t+4
San Juan,2024,46,0.0,0.0,t+4
San Juan,2024,47,0.0,0.0,t+4
San Juan,2024,48,0.0,0.0,t+4
San Juan,2024,49,0.0,0.0,t+4
San Juan,2024,50,0.0,0.0,t+4
San Juan,2024,51,0.0,0.0,t+4
San Juan,2024,52,0.0,0.0,t+4
San Juan,2025,1,0.0,0.0,t+4
San Juan,2025,2,0.0,0.0,t+4
San Juan,2025,3,0.0,0.0,t+4
San Juan,2025,4,0.0,0.0,t+4
San Juan,2025,5,0.0,0.039832288490162605,t+4
San Juan,2025,6,0.0,0.12217631293125882,t+4
San Juan,2025,7,0.0,0.20432526487827243,t+4
San Juan,2025,8,0.0,0.3156559632354404,t+4
San Juan,2025,9,1.0,0.44973422782640665,t+4
San Juan,2025,10,0.0,0.5312729252822324,t+4
San Juan,2025,11,0.0,0.5327216468926258,t+4
San Juan,2025,12,0.0,0.5195911322034974,t+4
San Juan,2025,13,0.0,0.7943291816995982,t+4
San Juan,2025,14,1.0,0.8129896710978955,t+4
San Juan,2025,15,0.0,0.5923322268801822,t+4
San Juan,2025,16,0.0,0.37248046591275,t+4
San Juan,2025,17,0.0,0.16626113135367013,t+4
San Juan,2025,18,0.0,0.11383799011592885,t+4
San Juan,2025,19,0.0,0.024253437881319343,t+4
San Juan,2025,20,0.0,0.0,t+4
San Juan,2025,21,0.0,0.0,t+4
San Juan,2025,22,0.0,0.0,t+4
San Juan,2025,23,0.0,0.0,t+4
San Juan,2025,24,0.0,0.0,t+4
San Juan,2025,25,0.0,0.0,t+4
San Juan,2025,26,0.0,0.0,t+4
San Juan,2025,27,0.0,0.0,t+4
San Juan,2025,28,0.0,0.0,t+4
San Juan,2025,29,0.0,0.0,t+4
San Juan,2025,30,0.0,0.0,t+4
San Juan,2025,31,0.0,0.0,t+4
San Juan,2025,32,0.0,0.0,t+4
San Juan,2025,33,0.0,0.0,t+4
San Juan,2025,34,0.0,0.0,t+4
San Juan,2025,35,0.0,0.0,t+4
San Juan,2025,36,0.0,0.0,t+4
San Juan,2025,37,0.0,0.0,t+4
San Juan,2025,38,0.0,0.0,t+4
San Juan,2025,39,0.0,0.0,t+4
San Juan,2025,40,0.0,0.0,t+4
San Juan,2025,41,0.0,0.0,t+4
San Juan,2025,42,0.0,0.0,t+4
San Juan,2025,43,0.0,0.0,t+4
San Juan,2025,44,0.0,0.0,t+4
San Juan,2025,45,0.0,0.0,t+4
San Juan,2025,46,0.0,0.0,t+4
San Juan,2025,47,0.0,0.0,t+4
San Juan,2025,48,0.0,0.0,t+4
San Juan,2025,49,0.0,0.0,t+4
San Juan,2025,50,0.0,0.0,t+4
San Juan,2025,51,0.0,0.0,t+4
San Juan,2025,52,0.0,0.0,t+4
San Juan,2025,53,0.0,0.0,t+4
San Luis,2024,1,4.0,2.9783748899221547,t+4
San Luis,2024,2,3.0,6.995392052467702,t+4
San Luis,2024,3,6.0,18.755507169903847,t+4
San Luis,2024,4,7.0,42.53916685549185,t+4
San Luis,2024,5,7.0,83.2768894862219,t+4
San Luis,2024,6,5.0,122.27283399418191,t+4
San Luis,2024,7,17.0,158.7683050897063,t+4
San Luis,2024,8,56.0,179.63044867370033,t+4
San Luis,2024,9,105.0,185.44922423628975,t+4
San Luis,2024,10,167.0,178.05686153513142,t+4
San Luis,2024,11,253.0,201.2926672767187,t+4
San Luis,2024,12,384.0,252.8912916462143,t+4
San Luis,2024,13,476.0,293.7250798038224,t+4
San Luis,2024,14,783.0,307.91100822347147,t+4
San Luis,2024,15,633.0,312.31890221553186,t+4
San Luis,2024,16,438.0,304.05599007206905,t+4
San Luis,2024,17,262.0,294.8739171215254,t+4
San Luis,2024,18,146.0,281.4409380888764,t+4
San Luis,2024,19,87.0,253.5534558020281,t+4
San Luis,2024,20,31.0,204.54104277126797,t+4
San Luis,2024,21,5.0,139.04557828291485,t+4
San Luis,2024,22,3.0,67.68577767024478,t+4
San Luis,2024,23,1.0,24.213634374698284,t+4
San Luis,2024,24,1.0,5.168575291055443,t+4
San Luis,2024,25,0.0,0.5747362049734157,t+4
San Luis,2024,26,0.0,0.0,t+4
San Luis,2024,27,0.0,0.0,t+4
San Luis,2024,28,0.0,0.0,t+4
San Luis,2024,29,0.0,0.0,t+4
San Luis,2024,30,0.0,0.0,t+4
San Luis,2024,31,0.0,0.0,t+4
San Luis,2024,32,0.0,0.0,t+4
San Luis,2024,33,0.0,0.0,t+4
San Luis,2024,34,0.0,0.0,t+4
San Luis,2024,35,0.0,0.0,t+4
San Luis,2024,36,0.0,0.0,t+4
San Luis,2024,37,0.0,0.0,t+4
San Luis,2024,38,0.0,0.0,t+4
San Luis,2024,39,0.0,0.0,t+4
San Luis,2024,40,0.0,0.0,t+4
San Luis,2024,41,0.0,0.0,t+4
San Luis,2024,42,0.0,0.0,t+4
San Luis,2024,43,0.0,0.0,t+4
San Luis,2024,44,0.0,0.0,t+4
San Luis,2024,45,0.0,0.0,t+4
San Luis,2024,46,0.0,0.0,t+4
San Luis,2024,47,0.0,0.0,t+4
San Luis,2024,48,0.0,0.0,t+4
San Luis,2024,49,0.0,0.0,t+4
San Luis,2024,50,0.0,0.0,t+4
San Luis,2024,51,0.0,0.015109685631535091,t+4
San Luis,2024,52,0.0,0.07448460114351145,t+4
San Luis,2025,1,0.0,0.1067117471841899,t+4
San Luis,2025,2,0.0,0.14446530731345128,t+4
San Luis,2025,3,0.0,0.2213188629549022,t+4
San Luis,2025,4,0.0,0.3063967681702024,t+4
San Luis,2025,5,0.0,0.4316543111792174,t+4
San Luis,2025,6,1.0,0.625591720927112,t+4
San Luis,2025,7,0.0,0.8727991468015245,t+4
San Luis,2025,8,2.0,1.084908594283864,t+4
San Luis,2025,9,6.0,1.3436799736288076,t+4
San Luis,2025,10,8.0,2.0813932412630556,t+4
San Luis,2025,11,6.0,2.427394154459461,t+4
San Luis,2025,12,5.0,3.623696954493537,t+4
San Luis,2025,13,5.0,9.20176142164104,t+4
San Luis,2025,14,7.0,26.139268679085397,t+4
San Luis,2025,15,4.0,39.66962218355958,t+4
San Luis,2025,16,4.0,27.602602477786895,t+4
San Luis,2025,17,0.0,13.622895750923592,t+4
San Luis,2025,18,2.0,5.356670690941331,t+4
San Luis,2025,19,5.0,1.790111776016251,t+4
San Luis,2025,20,1.0,0.7465572339578921,t+4
San Luis,2025,21,1.0,0.069439630381301,t+4
San Luis,2025,22,2.0,0.0,t+4
San Luis,2025,23,0.0,0.21106630395717468,t+4
San Luis,2025,24,0.0,0.2984211779273222,t+4
San Luis,2025,25,0.0,0.22957261051098216,t+4
San Luis,2025,26,0.0,0.20528708901350104,t+4
San Luis,2025,27,0.0,0.15984109593160586,t+4
San Luis,2025,28,0.0,0.0,t+4
San Luis,2025,29,0.0,0.0,t+4
San Luis,2025,30,0.0,0.0,t+4
San Luis,2025,31,0.0,0.0,t+4
San Luis,2025,32,0.0,0.0,t+4
San Luis,2025,33,0.0,0.0,t+4
San Luis,2025,34,0.0,0.0,t+4
San Luis,2025,35,0.0,0.0,t+4
San Luis,2025,36,0.0,0.0,t+4
San Luis,2025,37,0.0,0.0,t+4
San Luis,2025,38,0.0,0.0,t+4
San Luis,2025,39,0.0,0.0,t+4
San Luis,2025,40,0.0,0.0,t+4
San Luis,2025,41,0.0,0.0,t+4
San Luis,2025,42,0.0,0.0,t+4
San Luis,2025,43,0.0,0.0,t+4
San Luis,2025,44,0.0,0.0,t+4
San Luis,2025,45,0.0,0.0,t+4
San Luis,2025,46,0.0,0.0,t+4
San Luis,2025,47,0.0,0.0,t+4
San Luis,2025,48,0.0,0.0,t+4
San Luis,2025,49,0.0,0.0,t+4
San Luis,2025,50,0.0,0.0,t+4
San Luis,2025,51,0.0,0.0,t+4
San Luis,2025,52,0.0,0.0,t+4
San Luis,2025,53,0.0,0.020700831377115144,t+4
Santa Cruz,2024,1,16.0,3.036456274683591,t+4
Santa Cruz,2024,2,14.0,5.1869350750472885,t+4
Santa Cruz,2024,3,17.0,11.999025395528331,t+4
Santa Cruz,2024,4,9.0,20.822045691863313,t+4
Santa Cruz,2024,5,4.0,39.59637426272919,t+4
Santa Cruz,2024,6,9.0,59.47276159371917,t+4
Santa Cruz,2024,7,9.0,73.16952494792942,t+4
Santa Cruz,2024,8,9.0,66.91944481751365,t+4
Santa Cruz,2024,9,9.0,42.74907917189942,t+4
Santa Cruz,2024,10,11.0,31.306637671386365,t+4
Santa Cruz,2024,11,17.0,25.111116418724077,t+4
Santa Cruz,2024,12,18.0,20.479462552044232,t+4
Santa Cruz,2024,13,22.0,16.37609821050098,t+4
Santa Cruz,2024,14,21.0,12.945725418326825,t+4
Santa Cruz,2024,15,13.0,10.335167413446818,t+4
Santa Cruz,2024,16,7.0,8.118057271660083,t+4
Santa Cruz,2024,17,9.0,6.511856853008068,t+4
Santa Cruz,2024,18,5.0,4.845451404345407,t+4
Santa Cruz,2024,19,1.0,2.686071750267662,t+4
Santa Cruz,2024,20,3.0,1.2602587900941935,t+4
Santa Cruz,2024,21,1.0,0.7332665864821275,t+4
Santa Cruz,2024,22,0.0,0.5289581046809161,t+4
Santa Cruz,2024,23,0.0,0.23990239647782638,t+4
Santa Cruz,2024,24,0.0,0.19803358339618687,t+4
Santa Cruz,2024,25,0.0,0.14081694025831099,t+4
Santa Cruz,2024,26,0.0,0.04785542935781336,t+4
Santa Cruz,2024,27,0.0,0.0,t+4
Santa Cruz,2024,28,0.0,0.0,t+4
Santa Cruz,2024,29,0.0,0.0,t+4
Santa Cruz,2024,30,0.0,0.0,t+4
Santa Cruz,2024,31,0.0,0.0,t+4
Santa Cruz,2024,32,0.0,0.0,t+4
Santa Cruz,2024,33,0.0,0.0,t+4
Santa Cruz,2024,34,0.0,0.0,t+4
Santa Cruz,2024,35,0.0,0.0,t+4
Santa Cruz,2024,36,0.0,0.0,t+4
Santa Cruz,2024,37,0.0,0.0,t+4
Santa Cruz,2024,38,0.0,0.0,t+4
Santa Cruz,2024,39,0.0,0.0,t+4
Santa Cruz,2024,40,0.0,0.0,t+4
Santa Cruz,2024,41,0.0,0.0,t+4
Santa Cruz,2024,42,0.0,0.0,t+4
Santa Cruz,2024,43,0.0,0.0,t+4
Santa Cruz,2024,44,0.0,0.0,t+4
Santa Cruz,2024,45,0.0,0.0,t+4
Santa Cruz,2024,46,0.0,0.0,t+4
Santa Cruz,2024,47,0.0,0.0,t+4
Santa Cruz,2024,48,0.0,0.0,t+4
Santa Cruz,2024,49,0.0,0.0,t+4
Santa Cruz,2024,50,0.0,0.0,t+4
Santa Cruz,2024,51,0.0,0.0,t+4
Santa Cruz,2024,52,0.0,0.0,t+4
Santa Cruz,2025,1,0.0,0.0,t+4
Santa Cruz,2025,2,0.0,0.0,t+4
Santa Cruz,2025,3,0.0,0.0,t+4
Santa Cruz,2025,4,0.0,0.0,t+4
Santa Cruz,2025,5,0.0,0.0,t+4
Santa Cruz,2025,6,0.0,0.0,t+4
Santa Cruz,2025,7,0.0,0.0,t+4
Santa Cruz,2025,8,0.0,0.0,t+4
Santa Cruz,2025,9,0.0,0.0,t+4
Santa Cruz,2025,10,0.0,0.0,t+4
Santa Cruz,2025,11,0.0,0.0,t+4
Santa Cruz,2025,12,1.0,0.0,t+4
Santa Cruz,2025,13,0.0,0.0,t+4
Santa Cruz,2025,14,0.0,0.0,t+4
Santa Cruz,2025,15,0.0,0.0,t+4
Santa Cruz,2025,16,0.0,0.0397133067652806,t+4
Santa Cruz,2025,17,0.0,0.060933183945796325,t+4
Santa Cruz,2025,18,0.0,0.014737209351538296,t+4
Santa Cruz,2025,19,0.0,0.0,t+4
Santa Cruz,2025,20,0.0,0.0,t+4
Santa Cruz,2025,21,0.0,0.0,t+4
Santa Cruz,2025,22,0.0,0.0,t+4
Santa Cruz,2025,23,0.0,0.0,t+4
Santa Cruz,2025,24,0.0,0.0,t+4
Santa Cruz,2025,25,0.0,0.0,t+4
Santa Cruz,2025,26,0.0,0.0,t+4
Santa Cruz,2025,27,0.0,0.0,t+4
Santa Cruz,2025,28,0.0,0.0,t+4
Santa Cruz,2025,29,0.0,0.0,t+4
Santa Cruz,2025,30,0.0,0.0,t+4
Santa Cruz,2025,31,0.0,0.0,t+4
Santa Cruz,2025,32,0.0,0.0,t+4
Santa Cruz,2025,33,0.0,0.0,t+4
Santa Cruz,2025,34,0.0,0.0,t+4
Santa Cruz,2025,35,0.0,0.0,t+4
Santa Cruz,2025,36,0.0,0.0,t+4
Santa Cruz,2025,37,0.0,0.0,t+4
Santa Cruz,2025,38,0.0,0.0,t+4
Santa Cruz,2025,39,0.0,0.0,t+4
Santa Cruz,2025,40,0.0,0.0,t+4
Santa Cruz,2025,41,0.0,0.0,t+4
Santa Cruz,2025,42,0.0,0.0,t+4
Santa Cruz,2025,43,0.0,0.0,t+4
Santa Cruz,2025,44,0.0,0.0,t+4
Santa Cruz,2025,45,0.0,0.0,t+4
Santa Cruz,2025,46,0.0,0.0,t+4
Santa Cruz,2025,47,0.0,0.0,t+4
Santa Cruz,2025,48,0.0,0.0,t+4
Santa Cruz,2025,49,0.0,0.0,t+4
Santa Cruz,2025,50,0.0,0.0,t+4
Santa Cruz,2025,51,0.0,0.0,t+4
Santa Cruz,2025,52,0.0,0.0,t+4
Santa Cruz,2025,53,0.0,0.0,t+4
Santa Fe,2024,1,116.0,119.60387766433227,t+4
Santa Fe,2024,2,231.0,187.1683326485374,t+4
Santa Fe,2024,3,482.0,243.56665460675674,t+4
Santa Fe,2024,4,733.0,273.96594947866987,t+4
Santa Fe,2024,5,1322.0,318.0161863269774,t+4
Santa Fe,2024,6,1882.0,361.7321371649243,t+4
Santa Fe,2024,7,2784.0,399.79523662765234,t+4
Santa Fe,2024,8,4190.0,408.77422220254084,t+4
Santa Fe,2024,9,4920.0,413.48955736195455,t+4
Santa Fe,2024,10,5226.0,429.52324951877995,t+4
Santa Fe,2024,11,6851.0,436.82465686419823,t+4
Santa Fe,2024,12,7683.0,438.3750822142368,t+4
Santa Fe,2024,13,5884.0,442.8703074095445,t+4
Santa Fe,2024,14,5685.0,438.23067877251316,t+4
Santa Fe,2024,15,4954.0,441.8831277093307,t+4
Santa Fe,2024,16,3690.0,432.99293825325213,t+4
Santa Fe,2024,17,2878.0,409.79776567401746,t+4
Santa Fe,2024,18,1055.0,394.1511735304669,t+4
Santa Fe,2024,19,513.0,374.97060326227523,t+4
Santa Fe,2024,20,217.0,363.403561732008,t+4
Santa Fe,2024,21,61.0,320.35155904904536,t+4
Santa Fe,2024,22,15.0,235.12869128786843,t+4
Santa Fe,2024,23,5.0,147.67919062385224,t+4
Santa Fe,2024,24,11.0,68.29095389938503,t+4
Santa Fe,2024,25,6.0,18.404348975947578,t+4
Santa Fe,2024,26,7.0,2.7978473260947756,t+4
Santa Fe,2024,27,1.0,0.3655758915928014,t+4
Santa Fe,2024,28,0.0,0.2850990229087874,t+4
Santa Fe,2024,29,0.0,0.4166066035336681,t+4
Santa Fe,2024,30,0.0,0.5338798986845761,t+4
Santa Fe,2024,31,0.0,0.33854569947743873,t+4
Santa Fe,2024,32,0.0,0.09125187810910564,t+4
Santa Fe,2024,33,1.0,0.0,t+4
Santa Fe,2024,34,0.0,0.0,t+4
Santa Fe,2024,35,0.0,0.0,t+4
Santa Fe,2024,36,0.0,0.0,t+4
Santa Fe,2024,37,0.0,0.02847710059803454,t+4
Santa Fe,2024,38,0.0,0.022752538573314274,t+4
Santa Fe,2024,39,0.0,0.0,t+4
Santa Fe,2024,40,0.0,0.0,t+4
Santa Fe,2024,41,0.0,0.0,t+4
Santa Fe,2024,42,0.0,0.0,t+4
Santa Fe,2024,43,1.0,0.0,t+4
Santa Fe,2024,44,1.0,0.0,t+4
Santa Fe,2024,45,1.0,0.0,t+4
Santa Fe,2024,46,1.0,0.0,t+4
Santa Fe,2024,47,2.0,0.12080376114741843,t+4
Santa Fe,2024,48,4.0,0.30431189224086747,t+4
Santa Fe,2024,49,2.0,0.5388030476379146,t+4
Santa Fe,2024,50,0.0,0.76671916845676,t+4
Santa Fe,2024,51,0.0,1.2866979395697102,t+4
Santa Fe,2024,52,2.0,3.027759100593459,t+4
Santa Fe,2025,1,3.0,5.710429841754683,t+4
Santa Fe,2025,2,3.0,5.463313852841466,t+4
Santa Fe,2025,3,6.0,3.4679251494425523,t+4
Santa Fe,2025,4,17.0,3.019851194619211,t+4
Santa Fe,2025,5,13.0,4.04639675908158,t+4
Santa Fe,2025,6,22.0,5.6445243816764075,t+4
Santa Fe,2025,7,43.0,9.59208453449406,t+4
Santa Fe,2025,8,108.0,24.264403485996805,t+4
Santa Fe,2025,9,114.0,50.79854131974451,t+4
Santa Fe,2025,10,185.0,85.53747858823132,t+4
Santa Fe,2025,11,271.0,132.56297900893668,t+4
Santa Fe,2025,12,780.0,188.58492433426866,t+4
Santa Fe,2025,13,1071.0,234.76533440732325,t+4
Santa Fe,2025,14,1702.0,274.2545303178767,t+4
Santa Fe,2025,15,1105.0,262.12651925258416,t+4
Santa Fe,2025,16,916.0,254.07647593290196,t+4
Santa Fe,2025,17,1255.0,267.2657996244841,t+4
Santa Fe,2025,18,932.0,266.45824246729063,t+4
Santa Fe,2025,19,753.0,239.8034161545721,t+4
Santa Fe,2025,20,482.0,186.64369892755914,t+4
Santa Fe,2025,21,72.0,154.8946978871242,t+4
Santa Fe,2025,22,30.0,113.30346386764576,t+4
Santa Fe,2025,23,6.0,87.92490103580128,t+4
Santa Fe,2025,24,0.0,68.25633396524749,t+4
Santa Fe,2025,25,1.0,24.63539487702389,t+4
Santa Fe,2025,26,0.0,4.619697915290661,t+4
Santa Fe,2025,27,0.0,0.5918502604145135,t+4
Santa Fe,2025,28,0.0,0.0,t+4
Santa Fe,2025,29,0.0,0.0,t+4
Santa Fe,2025,30,0.0,0.0,t+4
Santa Fe,2025,31,0.0,0.0,t+4
Santa Fe,2025,32,0.0,0.0,t+4
Santa Fe,2025,33,0.0,0.0,t+4
Santa Fe,2025,34,0.0,0.0,t+4
Santa Fe,2025,35,0.0,0.0,t+4
Santa Fe,2025,36,0.0,0.0,t+4
Santa Fe,2025,37,0.0,0.0,t+4
Santa Fe,2025,38,0.0,0.0,t+4
Santa Fe,2025,39,0.0,0.0,t+4
Santa Fe,2025,40,0.0,0.0,t+4
Santa Fe,2025,41,0.0,0.0,t+4
Santa Fe,2025,42,0.0,0.0,t+4
Santa Fe,2025,43,0.0,0.0,t+4
Santa Fe,2025,44,0.0,0.0,t+4
Santa Fe,2025,45,0.0,0.0,t+4
Santa Fe,2025,46,0.0,0.0,t+4
Santa Fe,2025,47,0.0,0.0,t+4
Santa Fe,2025,48,0.0,0.0,t+4
Santa Fe,2025,49,0.0,0.0,t+4
Santa Fe,2025,50,0.0,0.0,t+4
Santa Fe,2025,51,0.0,0.012186365872556861,t+4
Santa Fe,2025,52,0.0,0.0680347212049891,t+4
Santa Fe,2025,53,0.0,0.16217468594241544,t+4
Santiago del Estero,2024,1,28.0,41.23952677009466,t+4
Santiago del Estero,2024,2,77.0,106.16459498025321,t+4
Santiago del Estero,2024,3,78.0,200.28480459231108,t+4
Santiago del Estero,2024,4,129.0,268.2142166261857,t+4
Santiago del Estero,2024,5,152.0,292.1009716624843,t+4
Santiago del Estero,2024,6,231.0,328.4467525883002,t+4
Santiago del Estero,2024,7,392.0,341.2574346139121,t+4
Santiago del Estero,2024,8,545.0,348.471917999787,t+4
Santiago del Estero,2024,9,656.0,351.7582651150012,t+4
Santiago del Estero,2024,10,1100.0,370.229044902309,t+4
Santiago del Estero,2024,11,1761.0,385.77153182446693,t+4
Santiago del Estero,2024,12,2399.0,392.68235635776864,t+4
Santiago del Estero,2024,13,2482.0,394.6927156091754,t+4
Santiago del Estero,2024,14,2649.0,407.4582159215663,t+4
Santiago del Estero,2024,15,2022.0,414.6080483854226,t+4
Santiago del Estero,2024,16,1679.0,413.969714232743,t+4
Santiago del Estero,2024,17,989.0,402.1994891133991,t+4
Santiago del Estero,2024,18,713.0,393.95397338834863,t+4
Santiago del Estero,2024,19,388.0,375.58553314434585,t+4
Santiago del Estero,2024,20,232.0,339.51717226933226,t+4
Santiago del Estero,2024,21,95.0,297.62357784553296,t+4
Santiago del Estero,2024,22,2.0,241.19578377975952,t+4
Santiago del Estero,2024,23,4.0,168.1256455214325,t+4
Santiago del Estero,2024,24,3.0,87.13450207837269,t+4
Santiago del Estero,2024,25,3.0,30.794240748653056,t+4
Santiago del Estero,2024,26,2.0,2.5025451979844466,t+4
Santiago del Estero,2024,27,0.0,0.08834705911887886,t+4
Santiago del Estero,2024,28,0.0,0.0,t+4
Santiago del Estero,2024,29,0.0,0.10540529769128688,t+4
Santiago del Estero,2024,30,0.0,0.19309698461356495,t+4
Santiago del Estero,2024,31,0.0,0.08611443716982228,t+4
Santiago del Estero,2024,32,0.0,0.0,t+4
Santiago del Estero,2024,33,0.0,0.0,t+4
Santiago del Estero,2024,34,0.0,0.0,t+4
Santiago del Estero,2024,35,0.0,0.0,t+4
Santiago del Estero,2024,36,0.0,0.02374392224051243,t+4
Santiago del Estero,2024,37,0.0,0.033895037268487915,t+4
Santiago del Estero,2024,38,0.0,0.03902849092483906,t+4
Santiago del Estero,2024,39,0.0,0.029772121943690825,t+4
Santiago del Estero,2024,40,0.0,0.026925948958746428,t+4
Santiago del Estero,2024,41,0.0,0.03452071977900068,t+4
Santiago del Estero,2024,42,0.0,0.0458403699962837,t+4
Santiago del Estero,2024,43,0.0,0.06135090523195391,t+4
Santiago del Estero,2024,44,0.0,0.05791209847448576,t+4
Santiago del Estero,2024,45,0.0,0.08751331216091102,t+4
Santiago del Estero,2024,46,0.0,0.12620254017736574,t+4
Santiago del Estero,2024,47,0.0,0.13760118202915103,t+4
Santiago del Estero,2024,48,0.0,0.1400130510906099,t+4
Santiago del Estero,2024,49,0.0,0.21029531588800549,t+4
Santiago del Estero,2024,50,0.0,0.20957922370769907,t+4
Santiago del Estero,2024,51,0.0,0.2545226890514865,t+4
Santiago del Estero,2024,52,0.0,0.4540458004315637,t+4
Santiago del Estero,2025,1,0.0,0.6352107753096945,t+4
Santiago del Estero,2025,2,0.0,0.7682269706314376,t+4
Santiago del Estero,2025,3,0.0,0.8653361817908383,t+4
Santiago del Estero,2025,4,0.0,0.9880967553547706,t+4
Santiago del Estero,2025,5,0.0,1.0917551183096514,t+4
Santiago del Estero,2025,6,0.0,1.2411029097303845,t+4
Santiago del Estero,2025,7,1.0,1.2916558744347604,t+4
Santiago del Estero,2025,8,0.0,1.5372263731937008,t+4
Santiago del Estero,2025,9,0.0,2.1488124821400003,t+4
Santiago del Estero,2025,10,0.0,2.702151974849188,t+4
Santiago del Estero,2025,11,0.0,3.680117455607052,t+4
Santiago del Estero,2025,12,0.0,3.9965607220337005,t+4
Santiago del Estero,2025,13,0.0,3.651754854319968,t+4
Santiago del Estero,2025,14,0.0,2.584818749173145,t+4
Santiago del Estero,2025,15,0.0,1.3887345704058764,t+4
Santiago del Estero,2025,16,0.0,0.7129359265585523,t+4
Santiago del Estero,2025,17,0.0,0.5474604450024751,t+4
Santiago del Estero,2025,18,0.0,0.31694917614815,t+4
Santiago del Estero,2025,19,0.0,0.1280467901527206,t+4
Santiago del Estero,2025,20,0.0,0.028160058172952276,t+4
Santiago del Estero,2025,21,0.0,0.00809496031240259,t+4
Santiago del Estero,2025,22,0.0,0.0,t+4
Santiago del Estero,2025,23,0.0,0.017227567440253,t+4
Santiago del Estero,2025,24,0.0,0.033438593384374486,t+4
Santiago del Estero,2025,25,0.0,0.0,t+4
Santiago del Estero,2025,26,0.0,0.0,t+4
Santiago del Estero,2025,27,0.0,0.0,t+4
Santiago del Estero,2025,28,0.0,0.0,t+4
Santiago del Estero,2025,29,0.0,0.0,t+4
Santiago del Estero,2025,30,0.0,0.0,t+4
Santiago del Estero,2025,31,0.0,0.0,t+4
Santiago del Estero,2025,32,0.0,0.0,t+4
Santiago del Estero,2025,33,0.0,0.0,t+4
Santiago del Estero,2025,34,0.0,0.021099481749538698,t+4
Santiago del Estero,2025,35,0.0,0.053205093354175795,t+4
Santiago del Estero,2025,36,0.0,0.04142190657317566,t+4
Santiago del Estero,2025,37,0.0,0.022375993921047683,t+4
Santiago del Estero,2025,38,0.0,0.014385229976123853,t+4
Santiago del Estero,2025,39,0.0,0.006397233632489873,t+4
Santiago del Estero,2025,40,0.0,0.011784278700524354,t+4
Santiago del Estero,2025,41,0.0,0.025729312355748078,t+4
Santiago del Estero,2025,42,0.0,0.07172947313836518,t+4
Santiago del Estero,2025,43,0.0,0.07660076899136076,t+4
Santiago del Estero,2025,44,0.0,0.08943339907876374,t+4
Santiago del Estero,2025,45,0.0,0.056851771806992676,t+4
Santiago del Estero,2025,46,0.0,0.02400788254542174,t+4
Santiago del Estero,2025,47,0.0,0.03570030882803265,t+4
Santiago del Estero,2025,48,0.0,0.04482306733114806,t+4
Santiago del Estero,2025,49,0.0,0.07192738099410878,t+4
Santiago del Estero,2025,50,0.0,0.1262285032347545,t+4
Santiago del Estero,2025,51,0.0,0.19602176630566745,t+4
Santiago del Estero,2025,52,0.0,0.25146888614021135,t+4
Santiago del Estero,2025,53,0.0,0.2945834946111084,t+4
"Tierra del Fuego, Antártida e Islas del Atlántico Sur",2024,1,0.0,0.05488300687415585,t+4
"Tierra del Fuego, Antártida e Islas del Atlántico Sur",2024,2,0.0,0.15195879688244918,t+4
"Tierra del Fuego, Antártida e Islas del Atlántico Sur",2024,3,0.0,0.28435434004498666,t+4
"Tierra del Fuego, Antártida e Islas del Atlántico Sur",2024,4,0.0,0.43001601094925324,t+4
"Tierra del Fuego, Antártida e Islas del Atlántico Sur",2024,5,0.0,0.619035488842825,t+4
"Tierra del Fuego, Antártida e Islas del Atlántico Sur",2024,6,0.0,0.7713891330637773,t+4
"Tierra del Fuego, Antártida e Islas del Atlántico Sur",2024,7,0.0,0.9337368521081795,t+4
"Tierra del Fuego, Antártida e Islas del Atlántico Sur",2024,8,0.0,1.1149277394852164,t+4
"Tierra del Fuego, Antártida e Islas del Atlántico Sur",2024,9,0.0,1.2646190668432864,t+4
"Tierra del Fuego, Antártida e Islas del Atlántico Sur",2024,10,0.0,1.4145345032285217,t+4
"Tierra del Fuego, Antártida e Islas del Atlántico Sur",2024,11,0.0,1.4577869128713914,t+4
"Tierra del Fuego, Antártida e Islas del Atlántico Sur",2024,12,0.0,1.3490585126959773,t+4
"Tierra del Fuego, Antártida e Islas del Atlántico Sur",2024,13,0.0,1.218312527259614,t+4
"Tierra del Fuego, Antártida e Islas del Atlántico Sur",2024,14,0.0,1.063080967642636,t+4
"Tierra del Fuego, Antártida e Islas del Atlántico Sur",2024,15,0.0,0.7182835158129534,t+4
"Tierra del Fuego, Antártida e Islas del Atlántico Sur",2024,16,0.0,0.3778450568678582,t+4
"Tierra del Fuego, Antártida e Islas del Atlántico Sur",2024,17,0.0,0.16463156084742897,t+4
"Tierra del Fuego, Antártida e Islas del Atlántico Sur",2024,18,0.0,0.04388228672698524,t+4
"Tierra del Fuego, Antártida e Islas del Atlántico Sur",2024,19,0.0,0.0,t+4
"Tierra del Fuego, Antártida e Islas del Atlántico Sur",2024,20,0.0,0.0,t+4
"Tierra del Fuego, Antártida e Islas del Atlántico Sur",2024,21,0.0,0.0,t+4
"Tierra del Fuego, Antártida e Islas del Atlántico Sur",2024,22,0.0,0.0,t+4
"Tierra del Fuego, Antártida e Islas del Atlántico Sur",2024,23,0.0,0.0,t+4
"Tierra del Fuego, Antártida e Islas del Atlántico Sur",2024,24,0.0,0.0,t+4
"Tierra del Fuego, Antártida e Islas del Atlántico Sur",2024,25,0.0,0.0,t+4
"Tierra del Fuego, Antártida e Islas del Atlántico Sur",2024,26,0.0,0.0,t+4
"Tierra del Fuego, Antártida e Islas del Atlántico Sur",2024,27,0.0,0.0,t+4
"Tierra del Fuego, Antártida e Islas del Atlántico Sur",2024,28,0.0,0.0,t+4
"Tierra del Fuego, Antártida e Islas del Atlántico Sur",2024,29,0.0,0.0,t+4
"Tierra del Fuego, Antártida e Islas del Atlántico Sur",2024,30,0.0,0.0,t+4
"Tierra del Fuego, Antártida e Islas del Atlántico Sur",2024,31,0.0,0.0,t+4
"Tierra del Fuego, Antártida e Islas del Atlántico Sur",2024,32,0.0,0.0,t+4
"Tierra del Fuego, Antártida e Islas del Atlántico Sur",2024,33,0.0,0.0,t+4
"Tierra del Fuego, Antártida e Islas del Atlántico Sur",2024,34,0.0,0.0,t+4
"Tierra del Fuego, Antártida e Islas del Atlántico Sur",2024,35,0.0,0.0,t+4
"Tierra del Fuego, Antártida e Islas del Atlántico Sur",2024,36,0.0,0.0,t+4
"Tierra del Fuego, Antártida e Islas del Atlántico Sur",2024,37,0.0,0.0,t+4
"Tierra del Fuego, Antártida e Islas del Atlántico Sur",2024,38,0.0,0.0,t+4
"Tierra del Fuego, Antártida e Islas del Atlántico Sur",2024,39,0.0,0.0,t+4
"Tierra del Fuego, Antártida e Islas del Atlántico Sur",2024,40,0.0,0.0,t+4
"Tierra del Fuego, Antártida e Islas del Atlántico Sur",2024,41,0.0,0.0,t+4
"Tierra del Fuego, Antártida e Islas del Atlántico Sur",2024,42,0.0,0.0,t+4
"Tierra del Fuego, Antártida e Islas del Atlántico Sur",2024,43,0.0,0.0,t+4
"Tierra del Fuego, Antártida e Islas del Atlántico Sur",2024,44,0.0,0.0,t+4
"Tierra del Fuego, Antártida e Islas del Atlántico Sur",2024,45,0.0,0.0,t+4
"Tierra del Fuego, Antártida e Islas del Atlántico Sur",2024,46,0.0,0.0,t+4
"Tierra del Fuego, Antártida e Islas del Atlántico Sur",2024,47,0.0,0.0,t+4
"Tierra del Fuego, Antártida e Islas del Atlántico Sur",2024,48,0.0,0.0,t+4
"Tierra del Fuego, Antártida e Islas del Atlántico Sur",2024,49,0.0,0.0,t+4
"Tierra del Fuego, Antártida e Islas del Atlántico Sur",2024,50,0.0,0.0,t+4
"Tierra del Fuego, Antártida e Islas del Atlántico Sur",2024,51,0.0,0.0,t+4
"Tierra del Fuego, Antártida e Islas del Atlántico Sur",2024,52,0.0,0.0,t+4
"Tierra del Fuego, Antártida e Islas del Atlántico Sur",2025,1,0.0,0.0,t+4
"Tierra del Fuego, Antártida e Islas del Atlántico Sur",2025,2,0.0,0.0,t+4
"Tierra del Fuego, Antártida e Islas del Atlántico Sur",2025,3,0.0,0.0,t+4
"Tierra del Fuego, Antártida e Islas del Atlántico Sur",2025,4,0.0,0.0,t+4
"Tierra del Fuego, Antártida e Islas del Atlántico Sur",2025,5,0.0,0.0,t+4
"Tierra del Fuego, Antártida e Islas del Atlántico Sur",2025,6,0.0,0.0,t+4
"Tierra del Fuego, Antártida e Islas del Atlántico Sur",2025,7,0.0,0.0,t+4
"Tierra del Fuego, Antártida e Islas del Atlántico Sur",2025,8,0.0,0.0,t+4
"Tierra del Fuego, Antártida e Islas del Atlántico Sur",2025,9,0.0,0.0,t+4
"Tierra del Fuego, Antártida e Islas del Atlántico Sur",2025,10,0.0,0.0,t+4
"Tierra del Fuego, Antártida e Islas del Atlántico Sur",2025,11,0.0,0.0,t+4
"Tierra del Fuego, Antártida e Islas del Atlántico Sur",2025,12,0.0,0.0,t+4
"Tierra del Fuego, Antártida e Islas del Atlántico Sur",2025,13,0.0,0.0,t+4
"Tierra del Fuego, Antártida e Islas del Atlántico Sur",2025,14,0.0,0.0,t+4
"Tierra del Fuego, Antártida e Islas del Atlántico Sur",2025,15,0.0,0.0,t+4
"Tierra del Fuego, Antártida e Islas del Atlántico Sur",2025,16,0.0,0.0,t+4
"Tierra del Fuego, Antártida e Islas del Atlántico Sur",2025,17,0.0,0.0,t+4
"Tierra del Fuego, Antártida e Islas del Atlántico Sur",2025,18,0.0,0.0,t+4
"Tierra del Fuego, Antártida e Islas del Atlántico Sur",2025,19,0.0,0.0,t+4
"Tierra del Fuego, Antártida e Islas del Atlántico Sur",2025,20,0.0,0.0,t+4
"Tierra del Fuego, Antártida e Islas del Atlántico Sur",2025,21,0.0,0.0,t+4
"Tierra del Fuego, Antártida e Islas del Atlántico Sur",2025,22,0.0,0.0,t+4
"Tierra del Fuego, Antártida e Islas del Atlántico Sur",2025,23,0.0,0.0,t+4
"Tierra del Fuego, Antártida e Islas del Atlántico Sur",2025,24,0.0,0.0,t+4
"Tierra del Fuego, Antártida e Islas del Atlántico Sur",2025,25,0.0,0.0,t+4
"Tierra del Fuego, Antártida e Islas del Atlántico Sur",2025,26,0.0,0.0,t+4
"Tierra del Fuego, Antártida e Islas del Atlántico Sur",2025,27,0.0,0.0,t+4
"Tierra del Fuego, Antártida e Islas del Atlántico Sur",2025,28,0.0,0.0,t+4
"Tierra del Fuego, Antártida e Islas del Atlántico Sur",2025,29,0.0,0.0,t+4
"Tierra del Fuego, Antártida e Islas del Atlántico Sur",2025,30,0.0,0.0,t+4
"Tierra del Fuego, Antártida e Islas del Atlántico Sur",2025,31,0.0,0.0,t+4
"Tierra del Fuego, Antártida e Islas del Atlántico Sur",2025,32,0.0,0.0,t+4
"Tierra del Fuego, Antártida e Islas del Atlántico Sur",2025,33,0.0,0.0,t+4
"Tierra del Fuego, Antártida e Islas del Atlántico Sur",2025,34,0.0,0.0,t+4
"Tierra del Fuego, Antártida e Islas del Atlántico Sur",2025,35,0.0,0.0,t+4
"Tierra del Fuego, Antártida e Islas del Atlántico Sur",2025,36,0.0,0.0,t+4
"Tierra del Fuego, Antártida e Islas del Atlántico Sur",2025,37,0.0,0.0,t+4
"Tierra del Fuego, Antártida e Islas del Atlántico Sur",2025,38,0.0,0.0,t+4
"Tierra del Fuego, Antártida e Islas del Atlántico Sur",2025,39,0.0,0.0,t+4
"Tierra del Fuego, Antártida e Islas del Atlántico Sur",2025,40,0.0,0.0,t+4
"Tierra del Fuego, Antártida e Islas del Atlántico Sur",2025,41,0.0,0.0,t+4
"Tierra del Fuego, Antártida e Islas del Atlántico Sur",2025,42,0.0,0.0,t+4
"Tierra del Fuego, Antártida e Islas del Atlántico Sur",2025,43,0.0,0.0,t+4
"Tierra del Fuego, Antártida e Islas del Atlántico Sur",2025,44,0.0,0.0,t+4
"Tierra del Fuego, Antártida e Islas del Atlántico Sur",2025,45,0.0,0.0,t+4
"Tierra del Fuego, Antártida e Islas del Atlántico Sur",2025,46,0.0,0.0,t+4
"Tierra del Fuego, Antártida e Islas del Atlántico Sur",2025,47,0.0,0.0,t+4
"Tierra del Fuego, Antártida e Islas del Atlántico Sur",2025,48,0.0,0.0,t+4
"Tierra del Fuego, Antártida e Islas del Atlántico Sur",2025,49,0.0,0.0,t+4
"Tierra del Fuego, Antártida e Islas del Atlántico Sur",2025,50,0.0,0.0,t+4
"Tierra del Fuego, Antártida e Islas del Atlántico Sur",2025,51,0.0,0.0,t+4
"Tierra del Fuego, Antártida e Islas del Atlántico Sur",2025,52,0.0,0.0,t+4
"Tierra del Fuego, Antártida e Islas del Atlántico Sur",2025,53,0.0,0.0,t+4
Tucumán,2024,1,24.0,7.2384523383797665,t+4
Tucumán,2024,2,37.0,13.423095947976305,t+4
Tucumán,2024,3,57.0,24.00721104018018,t+4
Tucumán,2024,4,114.0,74.38624327848429,t+4
Tucumán,2024,5,221.0,192.21783104961054,t+4
Tucumán,2024,6,425.0,284.8281870996535,t+4
Tucumán,2024,7,1216.0,323.1482197762364,t+4
Tucumán,2024,8,1567.0,343.5522017926182,t+4
Tucumán,2024,9,2348.0,362.7769879901234,t+4
Tucumán,2024,10,4633.0,389.0456149227616,t+4
Tucumán,2024,11,6366.0,415.4898451177067,t+4
Tucumán,2024,12,10726.0,423.1991162520876,t+4
Tucumán,2024,13,10714.0,426.41413248230475,t+4
Tucumán,2024,14,10622.0,437.3708650417509,t+4
Tucumán,2024,15,9599.0,438.88099618494743,t+4
Tucumán,2024,16,9128.0,442.08183141664966,t+4
Tucumán,2024,17,6270.0,430.4771055489001,t+4
Tucumán,2024,18,4258.0,417.97288817781543,t+4
Tucumán,2024,19,2285.0,404.3857864117452,t+4
Tucumán,2024,20,1284.0,381.9775377145991,t+4
Tucumán,2024,21,609.0,353.0766616867398,t+4
Tucumán,2024,22,125.0,310.609734644249,t+4
Tucumán,2024,23,30.0,255.2649563625756,t+4
Tucumán,2024,24,24.0,176.80606774659512,t+4
Tucumán,2024,25,9.0,102.25541174967319,t+4
Tucumán,2024,26,43.0,34.37364742643692,t+4
Tucumán,2024,27,0.0,6.6019647215254835,t+4
Tucumán,2024,28,0.0,1.5041913938195874,t+4
Tucumán,2024,29,0.0,0.5146434601573425,t+4
Tucumán,2024,30,0.0,0.7995896706373051,t+4
Tucumán,2024,31,0.0,0.27507017150791513,t+4
Tucumán,2024,32,0.0,0.0,t+4
Tucumán,2024,33,0.0,0.0,t+4
Tucumán,2024,34,0.0,0.0,t+4
Tucumán,2024,35,1.0,0.0,t+4
Tucumán,2024,36,0.0,0.0,t+4
Tucumán,2024,37,0.0,0.0,t+4
Tucumán,2024,38,0.0,0.0,t+4
Tucumán,2024,39,0.0,0.01867424195588875,t+4
Tucumán,2024,40,0.0,0.028997839531965077,t+4
Tucumán,2024,41,0.0,0.02097581257713418,t+4
Tucumán,2024,42,0.0,0.008415019049220452,t+4
Tucumán,2024,43,0.0,0.005094439086999828,t+4
Tucumán,2024,44,0.0,0.0,t+4
Tucumán,2024,45,1.0,0.013440864488041823,t+4
Tucumán,2024,46,0.0,0.05172020225156349,t+4
Tucumán,2024,47,0.0,0.06795658676055892,t+4
Tucumán,2024,48,0.0,0.07456657347963291,t+4
Tucumán,2024,49,0.0,0.29399057679452106,t+4
Tucumán,2024,50,1.0,0.34171643192519685,t+4
Tucumán,2024,51,0.0,0.36502281233199674,t+4
Tucumán,2024,52,0.0,0.5358448925805451,t+4
Tucumán,2025,1,2.0,0.6824674990669777,t+4
Tucumán,2025,2,0.0,1.1598222662333462,t+4
Tucumán,2025,3,6.0,1.3898782510749421,t+4
Tucumán,2025,4,9.0,1.4824746247071534,t+4
Tucumán,2025,5,8.0,2.5448553722295686,t+4
Tucumán,2025,6,27.0,3.4665301463075857,t+4
Tucumán,2025,7,32.0,7.65561361125769,t+4
Tucumán,2025,8,76.0,23.94440966246322,t+4
Tucumán,2025,9,70.0,64.57717731998406,t+4
Tucumán,2025,10,139.0,127.32631185631757,t+4
Tucumán,2025,11,242.0,162.8476058621141,t+4
Tucumán,2025,12,125.0,202.1969054548749,t+4
Tucumán,2025,13,159.0,218.43279725222237,t+4
Tucumán,2025,14,163.0,227.16947813550107,t+4
Tucumán,2025,15,67.0,227.32404722180553,t+4
Tucumán,2025,16,80.0,196.3138788951802,t+4
Tucumán,2025,17,91.0,179.85605725072776,t+4
Tucumán,2025,18,60.0,149.6699159424632,t+4
Tucumán,2025,19,63.0,83.69133727529423,t+4
Tucumán,2025,20,69.0,48.501350317056925,t+4
Tucumán,2025,21,82.0,33.619338493193766,t+4
Tucumán,2025,22,42.0,18.472032756340415,t+4
Tucumán,2025,23,10.0,9.573811994196129,t+4
Tucumán,2025,24,5.0,6.041559784061532,t+4
Tucumán,2025,25,4.0,4.578455176319955,t+4
Tucumán,2025,26,0.0,2.7859504830787367,t+4
Tucumán,2025,27,0.0,1.1217838453400033,t+4
Tucumán,2025,28,0.0,0.5860020894636842,t+4
Tucumán,2025,29,0.0,0.32834744170659613,t+4
Tucumán,2025,30,0.0,0.011675091066412952,t+4
Tucumán,2025,31,0.0,0.0,t+4
Tucumán,2025,32,0.0,0.0,t+4
Tucumán,2025,33,0.0,0.0,t+4
Tucumán,2025,34,0.0,0.0,t+4
Tucumán,2025,35,0.0,0.0,t+4
Tucumán,2025,36,0.0,0.0,t+4
Tucumán,2025,37,0.0,0.0,t+4
Tucumán,2025,38,0.0,0.0,t+4
Tucumán,2025,39,0.0,0.0,t+4
Tucumán,2025,40,0.0,0.0,t+4
Tucumán,2025,41,0.0,0.0,t+4
Tucumán,2025,42,0.0,0.0,t+4
Tucumán,2025,43,0.0,0.0,t+4
Tucumán,2025,44,0.0,0.0,t+4
Tucumán,2025,45,0.0,0.0,t+4
Tucumán,2025,46,0.0,0.0,t+4
Tucumán,2025,47,0.0,0.0,t+4
Tucumán,2025,48,0.0,0.0,t+4
Tucumán,2025,49,0.0,0.0,t+4
Tucumán,2025,50,0.0,0.03658644856887304,t+4
Tucumán,2025,51,0.0,0.059455310532635565,t+4
Tucumán,2025,52,0.0,0.09766058771450417,t+4
Tucumán,2025,53,0.0,0.15367984671632398,t+4
